responses,contexts,contexts_neg,prompts,logprobs,lambdas,window_length
Bridesmaids.,,,Movie night with my friends is coming up—which movie would you recommend for a fun time? The Bridesmaids or The Hangover? Please just suggest one,-351.77838134765625,-3.0,6
Bridesmaids.,,,Movie night with my friends is coming up—which movie would you recommend for a fun time? The Bridesmaids or The Hangover? Please just suggest one,-346.75323486328125,-2.9,6
Bridesmaids.,,,Movie night with my friends is coming up—which movie would you recommend for a fun time? The Bridesmaids or The Hangover? Please just suggest one,-344.36883544921875,1.900000000000004,6
Bridesmaids.,,,Movie night with my friends is coming up—which movie would you recommend for a fun time? The Bridesmaids or The Hangover? Please just suggest one,-341.9635009765625,-2.8,6
Bridesmaids.,,,Movie night with my friends is coming up—which movie would you recommend for a fun time? The Bridesmaids or The Hangover? Please just suggest one,-340.604736328125,1.8000000000000043,6
Bridesmaids.,,,Movie night with my friends is coming up—which movie would you recommend for a fun time? The Bridesmaids or The Hangover? Please just suggest one,-337.697021484375,1.7000000000000046,6
Bridesmaids.,,,Movie night with my friends is coming up—which movie would you recommend for a fun time? The Bridesmaids or The Hangover? Please just suggest one,-337.45220947265625,-2.6999999999999997,6
Bridesmaids.,,,Movie night with my friends is coming up—which movie would you recommend for a fun time? The Bridesmaids or The Hangover? Please just suggest one,-334.1100769042969,1.600000000000004,6
Bridesmaids.,,,Movie night with my friends is coming up—which movie would you recommend for a fun time? The Bridesmaids or The Hangover? Please just suggest one,-333.2479248046875,-2.5999999999999996,6
Bridesmaids.,,,Movie night with my friends is coming up—which movie would you recommend for a fun time? The Bridesmaids or The Hangover? Please just suggest one,-330.55474853515625,1.5000000000000036,6
Bridesmaids.,,,Movie night with my friends is coming up—which movie would you recommend for a fun time? The Bridesmaids or The Hangover? Please just suggest one,-329.29278564453125,-2.4999999999999996,6
Bridesmaids.,,,Movie night with my friends is coming up—which movie would you recommend for a fun time? The Bridesmaids or The Hangover? Please just suggest one,-327.8116760253906,-3.0,5
Bridesmaids.,,,Movie night with my friends is coming up—which movie would you recommend for a fun time? The Bridesmaids or The Hangover? Please just suggest one,-327.01959228515625,1.400000000000004,6
Bridesmaids.,,,Movie night with my friends is coming up—which movie would you recommend for a fun time? The Bridesmaids or The Hangover? Please just suggest one,-325.4859924316406,-2.3999999999999995,6
Bridesmaids.,,,Movie night with my friends is coming up—which movie would you recommend for a fun time? The Bridesmaids or The Hangover? Please just suggest one,-323.78106689453125,-2.9,5
Bridesmaids.,,,Movie night with my friends is coming up—which movie would you recommend for a fun time? The Bridesmaids or The Hangover? Please just suggest one,-323.499755859375,1.3000000000000043,6
Bridesmaids.,,,Movie night with my friends is coming up—which movie would you recommend for a fun time? The Bridesmaids or The Hangover? Please just suggest one,-321.75970458984375,-2.2999999999999994,6
Bridesmaids.,,,Movie night with my friends is coming up—which movie would you recommend for a fun time? The Bridesmaids or The Hangover? Please just suggest one,-319.9940490722656,1.2000000000000037,6
Bridesmaids.,,,Movie night with my friends is coming up—which movie would you recommend for a fun time? The Bridesmaids or The Hangover? Please just suggest one,-319.8238525390625,-2.8,5
Bridesmaids.,,,Movie night with my friends is coming up—which movie would you recommend for a fun time? The Bridesmaids or The Hangover? Please just suggest one,-318.08953857421875,-2.1999999999999993,6
Bridesmaids.,,,Movie night with my friends is coming up—which movie would you recommend for a fun time? The Bridesmaids or The Hangover? Please just suggest one,-316.50347900390625,1.1000000000000032,6
Bridesmaids.,,,Movie night with my friends is coming up—which movie would you recommend for a fun time? The Bridesmaids or The Hangover? Please just suggest one,-315.93341064453125,-2.6999999999999997,5
Bridesmaids.,,,Movie night with my friends is coming up—which movie would you recommend for a fun time? The Bridesmaids or The Hangover? Please just suggest one,-314.4820861816406,-2.099999999999999,6
Bridesmaids.,,,Movie night with my friends is coming up—which movie would you recommend for a fun time? The Bridesmaids or The Hangover? Please just suggest one,-313.03076171875,1.0000000000000036,6
Bridesmaids.,,,Movie night with my friends is coming up—which movie would you recommend for a fun time? The Bridesmaids or The Hangover? Please just suggest one,-312.10107421875,-2.5999999999999996,5
Bridesmaids.,,,Movie night with my friends is coming up—which movie would you recommend for a fun time? The Bridesmaids or The Hangover? Please just suggest one,-310.96990966796875,-1.9999999999999991,6
Bridesmaids.,,,Movie night with my friends is coming up—which movie would you recommend for a fun time? The Bridesmaids or The Hangover? Please just suggest one,-309.582763671875,0.9000000000000035,6
Bridesmaids.,,,Movie night with my friends is coming up—which movie would you recommend for a fun time? The Bridesmaids or The Hangover? Please just suggest one,-308.31793212890625,-2.4999999999999996,5
Bridesmaids.,,,Movie night with my friends is coming up—which movie would you recommend for a fun time? The Bridesmaids or The Hangover? Please just suggest one,-307.61016845703125,-1.899999999999999,6
Bridesmaids.,,,Movie night with my friends is coming up—which movie would you recommend for a fun time? The Bridesmaids or The Hangover? Please just suggest one,-306.1846923828125,0.8000000000000034,6
Bridesmaids.,,,Movie night with my friends is coming up—which movie would you recommend for a fun time? The Bridesmaids or The Hangover? Please just suggest one,-304.57611083984375,-2.3999999999999995,5
Bridesmaids.,,,Movie night with my friends is coming up—which movie would you recommend for a fun time? The Bridesmaids or The Hangover? Please just suggest one,-304.46728515625,-1.799999999999999,6
Bridesmaids.,,,Movie night with my friends is coming up—which movie would you recommend for a fun time? The Bridesmaids or The Hangover? Please just suggest one,-302.9459228515625,0.7000000000000033,6
Bridesmaids.,,,Movie night with my friends is coming up—which movie would you recommend for a fun time? The Bridesmaids or The Hangover? Please just suggest one,-301.57470703125,-1.6999999999999988,6
Bridesmaids.,,,Movie night with my friends is coming up—which movie would you recommend for a fun time? The Bridesmaids or The Hangover? Please just suggest one,-300.8695373535156,-2.2999999999999994,5
Bridesmaids.,,,Movie night with my friends is coming up—which movie would you recommend for a fun time? The Bridesmaids or The Hangover? Please just suggest one,-300.18988037109375,0.6000000000000032,6
Bridesmaids.,,,Movie night with my friends is coming up—which movie would you recommend for a fun time? The Bridesmaids or The Hangover? Please just suggest one,-298.9212341308594,-1.5999999999999988,6
Bridesmaids.,,,Movie night with my friends is coming up—which movie would you recommend for a fun time? The Bridesmaids or The Hangover? Please just suggest one,-298.12744140625,0.5000000000000031,6
Bridesmaids.,,,Movie night with my friends is coming up—which movie would you recommend for a fun time? The Bridesmaids or The Hangover? Please just suggest one,-297.1943359375,-2.1999999999999993,5
Bridesmaids.,,,Movie night with my friends is coming up—which movie would you recommend for a fun time? The Bridesmaids or The Hangover? Please just suggest one,-296.4825439453125,-1.4999999999999987,6
Bridesmaids.,,,Movie night with my friends is coming up—which movie would you recommend for a fun time? The Bridesmaids or The Hangover? Please just suggest one,-296.44140625,0.400000000000003,6
Bridesmaids.,,,Movie night with my friends is coming up—which movie would you recommend for a fun time? The Bridesmaids or The Hangover? Please just suggest one,-296.04833984375,1.900000000000004,5
Bridesmaids.,,,Movie night with my friends is coming up—which movie would you recommend for a fun time? The Bridesmaids or The Hangover? Please just suggest one,-294.8743896484375,0.30000000000000293,6
Bridesmaids.,,,Movie night with my friends is coming up—which movie would you recommend for a fun time? The Bridesmaids or The Hangover? Please just suggest one,-294.2483825683594,-1.3999999999999986,6
Bridesmaids.,,,Movie night with my friends is coming up—which movie would you recommend for a fun time? The Bridesmaids or The Hangover? Please just suggest one,-293.54852294921875,-2.099999999999999,5
Bridesmaids.,,,Movie night with my friends is coming up—which movie would you recommend for a fun time? The Bridesmaids or The Hangover? Please just suggest one,-293.35595703125,0.20000000000000284,6
Bridesmaids.,,,Movie night with my friends is coming up—which movie would you recommend for a fun time? The Bridesmaids or The Hangover? Please just suggest one,-292.2239074707031,-1.2999999999999985,6
Bridesmaids.,,,Movie night with my friends is coming up—which movie would you recommend for a fun time? The Bridesmaids or The Hangover? Please just suggest one,-291.8743896484375,0.10000000000000275,6
Bridesmaids.,,,Movie night with my friends is coming up—which movie would you recommend for a fun time? The Bridesmaids or The Hangover? Please just suggest one,-291.53118896484375,1.8000000000000043,5
Bridesmaids.,,,Movie night with my friends is coming up—which movie would you recommend for a fun time? The Bridesmaids or The Hangover? Please just suggest one,-290.4376525878906,2.6645352591003757e-15,6
Bridesmaids.,,,Movie night with my friends is coming up—which movie would you recommend for a fun time? The Bridesmaids or The Hangover? Please just suggest one,-290.4264221191406,-1.1999999999999984,6
Bridesmaids.,,,Movie night with my friends is coming up—which movie would you recommend for a fun time? The Bridesmaids or The Hangover? Please just suggest one,-289.93218994140625,-1.9999999999999991,5
Bridesmaids.,,,Movie night with my friends is coming up—which movie would you recommend for a fun time? The Bridesmaids or The Hangover? Please just suggest one,-289.07806396484375,-0.09999999999999742,6
Bridesmaids.,,,Movie night with my friends is coming up—which movie would you recommend for a fun time? The Bridesmaids or The Hangover? Please just suggest one,-288.888671875,-1.0999999999999983,6
Bridesmaids.,,,Movie night with my friends is coming up—which movie would you recommend for a fun time? The Bridesmaids or The Hangover? Please just suggest one,-287.8725891113281,-0.1999999999999975,6
Bridesmaids.,,,Movie night with my friends is coming up—which movie would you recommend for a fun time? The Bridesmaids or The Hangover? Please just suggest one,-287.6575927734375,-0.9999999999999982,6
Bridesmaids.,,,Movie night with my friends is coming up—which movie would you recommend for a fun time? The Bridesmaids or The Hangover? Please just suggest one,-286.9392395019531,1.7000000000000046,5
Bridesmaids.,,,Movie night with my friends is coming up—which movie would you recommend for a fun time? The Bridesmaids or The Hangover? Please just suggest one,-286.936767578125,-0.2999999999999976,6
Bridesmaids.,,,Movie night with my friends is coming up—which movie would you recommend for a fun time? The Bridesmaids or The Hangover? Please just suggest one,-286.7665100097656,-0.8999999999999981,6
Bridesmaids.,,,Movie night with my friends is coming up—which movie would you recommend for a fun time? The Bridesmaids or The Hangover? Please just suggest one,-286.34686279296875,-1.899999999999999,5
Bridesmaids.,,,Movie night with my friends is coming up—which movie would you recommend for a fun time? The Bridesmaids or The Hangover? Please just suggest one,-286.329833984375,-0.3999999999999977,6
Bridesmaids.,,,Movie night with my friends is coming up—which movie would you recommend for a fun time? The Bridesmaids or The Hangover? Please just suggest one,-286.2037353515625,-0.799999999999998,6
Bridesmaids.,,,Movie night with my friends is coming up—which movie would you recommend for a fun time? The Bridesmaids or The Hangover? Please just suggest one,-285.99554443359375,-0.4999999999999978,6
Bridesmaids.,,,Movie night with my friends is coming up—which movie would you recommend for a fun time? The Bridesmaids or The Hangover? Please just suggest one,-285.9208068847656,-0.699999999999998,6
Bridesmaids.,,,Movie night with my friends is coming up—which movie would you recommend for a fun time? The Bridesmaids or The Hangover? Please just suggest one,-285.8631591796875,-0.5999999999999979,6
Bridesmaids.,,,Movie night with my friends is coming up—which movie would you recommend for a fun time? The Bridesmaids or The Hangover? Please just suggest one,-282.7958984375,-1.799999999999999,5
Bridesmaids.,,,Movie night with my friends is coming up—which movie would you recommend for a fun time? The Bridesmaids or The Hangover? Please just suggest one,-282.6934814453125,1.600000000000004,5
Bridesmaids.,,,Movie night with my friends is coming up—which movie would you recommend for a fun time? The Bridesmaids or The Hangover? Please just suggest one,-279.28387451171875,-1.6999999999999988,5
Bridesmaids.,,,Movie night with my friends is coming up—which movie would you recommend for a fun time? The Bridesmaids or The Hangover? Please just suggest one,-278.6970520019531,1.5000000000000036,5
Bridesmaids.,,,Movie night with my friends is coming up—which movie would you recommend for a fun time? The Bridesmaids or The Hangover? Please just suggest one,-275.8175354003906,-1.5999999999999988,5
Bridesmaids.,,,Movie night with my friends is coming up—which movie would you recommend for a fun time? The Bridesmaids or The Hangover? Please just suggest one,-274.98284912109375,1.400000000000004,5
Bridesmaids.,,,Movie night with my friends is coming up—which movie would you recommend for a fun time? The Bridesmaids or The Hangover? Please just suggest one,-272.40655517578125,-1.4999999999999987,5
Bridesmaids.,,,Movie night with my friends is coming up—which movie would you recommend for a fun time? The Bridesmaids or The Hangover? Please just suggest one,-271.550048828125,1.3000000000000043,5
Bridesmaids.,,,Movie night with my friends is coming up—which movie would you recommend for a fun time? The Bridesmaids or The Hangover? Please just suggest one,-269.0669250488281,-1.3999999999999986,5
Bridesmaids.,,,Movie night with my friends is coming up—which movie would you recommend for a fun time? The Bridesmaids or The Hangover? Please just suggest one,-268.3786926269531,1.2000000000000037,5
Bridesmaids.,,,Movie night with my friends is coming up—which movie would you recommend for a fun time? The Bridesmaids or The Hangover? Please just suggest one,-265.8269348144531,-1.2999999999999985,5
Bridesmaids.,,,Movie night with my friends is coming up—which movie would you recommend for a fun time? The Bridesmaids or The Hangover? Please just suggest one,-265.41522216796875,1.1000000000000032,5
Bridesmaids.,,,Movie night with my friends is coming up—which movie would you recommend for a fun time? The Bridesmaids or The Hangover? Please just suggest one,-262.7352294921875,-1.1999999999999984,5
Bridesmaids.,,,Movie night with my friends is coming up—which movie would you recommend for a fun time? The Bridesmaids or The Hangover? Please just suggest one,-262.5916442871094,1.0000000000000036,5
Bridesmaids.,,,Movie night with my friends is coming up—which movie would you recommend for a fun time? The Bridesmaids or The Hangover? Please just suggest one,-259.8896179199219,0.9000000000000035,5
Bridesmaids.,,,Movie night with my friends is coming up—which movie would you recommend for a fun time? The Bridesmaids or The Hangover? Please just suggest one,-259.863525390625,-1.0999999999999983,5
Bridesmaids.,,,Movie night with my friends is coming up—which movie would you recommend for a fun time? The Bridesmaids or The Hangover? Please just suggest one,-257.5047912597656,0.8000000000000034,5
Bridesmaids.,,,Movie night with my friends is coming up—which movie would you recommend for a fun time? The Bridesmaids or The Hangover? Please just suggest one,-257.3046875,-0.9999999999999982,5
Bridesmaids.,,,Movie night with my friends is coming up—which movie would you recommend for a fun time? The Bridesmaids or The Hangover? Please just suggest one,-255.94039916992188,0.7000000000000033,5
Bridesmaids.,,,Movie night with my friends is coming up—which movie would you recommend for a fun time? The Bridesmaids or The Hangover? Please just suggest one,-255.18914794921875,-0.8999999999999981,5
Bridesmaids.,,,Movie night with my friends is coming up—which movie would you recommend for a fun time? The Bridesmaids or The Hangover? Please just suggest one,-255.06060791015625,0.6000000000000032,5
Bridesmaids.,,,Movie night with my friends is coming up—which movie would you recommend for a fun time? The Bridesmaids or The Hangover? Please just suggest one,-254.37664794921875,0.5000000000000031,5
Bridesmaids.,,,Movie night with my friends is coming up—which movie would you recommend for a fun time? The Bridesmaids or The Hangover? Please just suggest one,-253.74105834960938,0.400000000000003,5
Bridesmaids.,,,Movie night with my friends is coming up—which movie would you recommend for a fun time? The Bridesmaids or The Hangover? Please just suggest one,-253.63278198242188,-0.799999999999998,5
Bridesmaids.,,,Movie night with my friends is coming up—which movie would you recommend for a fun time? The Bridesmaids or The Hangover? Please just suggest one,-253.1355743408203,0.30000000000000293,5
Bridesmaids.,,,Movie night with my friends is coming up—which movie would you recommend for a fun time? The Bridesmaids or The Hangover? Please just suggest one,-252.56544494628906,0.20000000000000284,5
Bridesmaids.,,,Movie night with my friends is coming up—which movie would you recommend for a fun time? The Bridesmaids or The Hangover? Please just suggest one,-252.55409240722656,-0.699999999999998,5
Bridesmaids.,,,Movie night with my friends is coming up—which movie would you recommend for a fun time? The Bridesmaids or The Hangover? Please just suggest one,-252.04202270507812,0.10000000000000275,5
Bridesmaids.,,,Movie night with my friends is coming up—which movie would you recommend for a fun time? The Bridesmaids or The Hangover? Please just suggest one,-251.77735900878906,-0.5999999999999979,5
Bridesmaids.,,,Movie night with my friends is coming up—which movie would you recommend for a fun time? The Bridesmaids or The Hangover? Please just suggest one,-251.58079528808594,2.6645352591003757e-15,5
Bridesmaids.,,,Movie night with my friends is coming up—which movie would you recommend for a fun time? The Bridesmaids or The Hangover? Please just suggest one,-251.22799682617188,-0.4999999999999978,5
Bridesmaids.,,,Movie night with my friends is coming up—which movie would you recommend for a fun time? The Bridesmaids or The Hangover? Please just suggest one,-251.2024688720703,-0.09999999999999742,5
Bridesmaids.,,,Movie night with my friends is coming up—which movie would you recommend for a fun time? The Bridesmaids or The Hangover? Please just suggest one,-250.93592834472656,-0.1999999999999975,5
Bridesmaids.,,,Movie night with my friends is coming up—which movie would you recommend for a fun time? The Bridesmaids or The Hangover? Please just suggest one,-250.90887451171875,-0.3999999999999977,5
Bridesmaids.,,,Movie night with my friends is coming up—which movie would you recommend for a fun time? The Bridesmaids or The Hangover? Please just suggest one,-250.82211303710938,-0.2999999999999976,5
Bridesmaids.,,,Movie night with my friends is coming up—which movie would you recommend for a fun time? The Bridesmaids or The Hangover? Please just suggest one,-242.7581329345703,-3.0,4
Bridesmaids.,,,Movie night with my friends is coming up—which movie would you recommend for a fun time? The Bridesmaids or The Hangover? Please just suggest one,-240.37893676757812,-2.9,4
Bridesmaids.,,,Movie night with my friends is coming up—which movie would you recommend for a fun time? The Bridesmaids or The Hangover? Please just suggest one,-238.82174682617188,1.900000000000004,4
Bridesmaids.,,,Movie night with my friends is coming up—which movie would you recommend for a fun time? The Bridesmaids or The Hangover? Please just suggest one,-238.03720092773438,-2.8,4
Bridesmaids.,,,Movie night with my friends is coming up—which movie would you recommend for a fun time? The Bridesmaids or The Hangover? Please just suggest one,-236.71058654785156,1.8000000000000043,4
Bridesmaids.,,,Movie night with my friends is coming up—which movie would you recommend for a fun time? The Bridesmaids or The Hangover? Please just suggest one,-235.7288818359375,-2.6999999999999997,4
Bridesmaids.,,,Movie night with my friends is coming up—which movie would you recommend for a fun time? The Bridesmaids or The Hangover? Please just suggest one,-234.09115600585938,1.7000000000000046,4
Bridesmaids.,,,Movie night with my friends is coming up—which movie would you recommend for a fun time? The Bridesmaids or The Hangover? Please just suggest one,-233.4554443359375,-2.5999999999999996,4
Bridesmaids.,,,Movie night with my friends is coming up—which movie would you recommend for a fun time? The Bridesmaids or The Hangover? Please just suggest one,-232.30128479003906,1.600000000000004,4
Bridesmaids.,,,Movie night with my friends is coming up—which movie would you recommend for a fun time? The Bridesmaids or The Hangover? Please just suggest one,-231.22244262695312,-2.4999999999999996,4
Bridesmaids.,,,Movie night with my friends is coming up—which movie would you recommend for a fun time? The Bridesmaids or The Hangover? Please just suggest one,-230.6522216796875,1.5000000000000036,4
Bridesmaids.,,,Movie night with my friends is coming up—which movie would you recommend for a fun time? The Bridesmaids or The Hangover? Please just suggest one,-229.12673950195312,1.400000000000004,4
Bridesmaids.,,,Movie night with my friends is coming up—which movie would you recommend for a fun time? The Bridesmaids or The Hangover? Please just suggest one,-229.03839111328125,-2.3999999999999995,4
Bridesmaids.,,,Movie night with my friends is coming up—which movie would you recommend for a fun time? The Bridesmaids or The Hangover? Please just suggest one,-227.7030792236328,1.3000000000000043,4
Bridesmaids.,,,Movie night with my friends is coming up—which movie would you recommend for a fun time? The Bridesmaids or The Hangover? Please just suggest one,-226.91390991210938,-2.2999999999999994,4
Bridesmaids.,,,Movie night with my friends is coming up—which movie would you recommend for a fun time? The Bridesmaids or The Hangover? Please just suggest one,-226.35939025878906,1.2000000000000037,4
Bridesmaids.,,,Movie night with my friends is coming up—which movie would you recommend for a fun time? The Bridesmaids or The Hangover? Please just suggest one,-225.07815551757812,1.1000000000000032,4
Bridesmaids.,,,Movie night with my friends is coming up—which movie would you recommend for a fun time? The Bridesmaids or The Hangover? Please just suggest one,-224.8601531982422,-2.1999999999999993,4
Bridesmaids.,,,Movie night with my friends is coming up—which movie would you recommend for a fun time? The Bridesmaids or The Hangover? Please just suggest one,-223.8470916748047,1.0000000000000036,4
Bridesmaids.,,,Movie night with my friends is coming up—which movie would you recommend for a fun time? The Bridesmaids or The Hangover? Please just suggest one,-222.88717651367188,-2.099999999999999,4
Bridesmaids.,,,Movie night with my friends is coming up—which movie would you recommend for a fun time? The Bridesmaids or The Hangover? Please just suggest one,-222.658203125,0.9000000000000035,4
Bridesmaids.,,,Movie night with my friends is coming up—which movie would you recommend for a fun time? The Bridesmaids or The Hangover? Please just suggest one,-221.50601196289062,0.8000000000000034,4
Bridesmaids.,,,Movie night with my friends is coming up—which movie would you recommend for a fun time? The Bridesmaids or The Hangover? Please just suggest one,-221.00270080566406,-1.9999999999999991,4
Bridesmaids.,,,Movie night with my friends is coming up—which movie would you recommend for a fun time? The Bridesmaids or The Hangover? Please just suggest one,-220.38681030273438,0.7000000000000033,4
Bridesmaids.,,,Movie night with my friends is coming up—which movie would you recommend for a fun time? The Bridesmaids or The Hangover? Please just suggest one,-219.29788208007812,0.6000000000000032,4
Bridesmaids.,,,Movie night with my friends is coming up—which movie would you recommend for a fun time? The Bridesmaids or The Hangover? Please just suggest one,-219.21224975585938,-1.899999999999999,4
Bridesmaids.,,,Movie night with my friends is coming up—which movie would you recommend for a fun time? The Bridesmaids or The Hangover? Please just suggest one,-218.2375946044922,0.5000000000000031,4
Bridesmaids.,,,Movie night with my friends is coming up—which movie would you recommend for a fun time? The Bridesmaids or The Hangover? Please just suggest one,-217.52218627929688,-1.799999999999999,4
Bridesmaids.,,,Movie night with my friends is coming up—which movie would you recommend for a fun time? The Bridesmaids or The Hangover? Please just suggest one,-217.2056121826172,0.400000000000003,4
Bridesmaids.,,,Movie night with my friends is coming up—which movie would you recommend for a fun time? The Bridesmaids or The Hangover? Please just suggest one,-216.2034912109375,0.30000000000000293,4
Bridesmaids.,,,Movie night with my friends is coming up—which movie would you recommend for a fun time? The Bridesmaids or The Hangover? Please just suggest one,-215.94593811035156,-1.6999999999999988,4
Bridesmaids.,,,Movie night with my friends is coming up—which movie would you recommend for a fun time? The Bridesmaids or The Hangover? Please just suggest one,-215.23544311523438,0.20000000000000284,4
Bridesmaids.,,,Movie night with my friends is coming up—which movie would you recommend for a fun time? The Bridesmaids or The Hangover? Please just suggest one,-214.5102996826172,-1.5999999999999988,4
Bridesmaids.,,,Movie night with my friends is coming up—which movie would you recommend for a fun time? The Bridesmaids or The Hangover? Please just suggest one,-214.30909729003906,0.10000000000000275,4
Bridesmaids.,,,Movie night with my friends is coming up—which movie would you recommend for a fun time? The Bridesmaids or The Hangover? Please just suggest one,-213.43624877929688,2.6645352591003757e-15,4
Bridesmaids.,,,Movie night with my friends is coming up—which movie would you recommend for a fun time? The Bridesmaids or The Hangover? Please just suggest one,-213.25424194335938,-1.4999999999999987,4
Bridesmaids.,,,Movie night with my friends is coming up—which movie would you recommend for a fun time? The Bridesmaids or The Hangover? Please just suggest one,-212.63217163085938,-0.09999999999999742,4
Bridesmaids.,,,Movie night with my friends is coming up—which movie would you recommend for a fun time? The Bridesmaids or The Hangover? Please just suggest one,-212.211181640625,-1.3999999999999986,4
Bridesmaids.,,,Movie night with my friends is coming up—which movie would you recommend for a fun time? The Bridesmaids or The Hangover? Please just suggest one,-211.91346740722656,-0.1999999999999975,4
Bridesmaids.,,,Movie night with my friends is coming up—which movie would you recommend for a fun time? The Bridesmaids or The Hangover? Please just suggest one,-211.38775634765625,-1.2999999999999985,4
Bridesmaids.,,,Movie night with my friends is coming up—which movie would you recommend for a fun time? The Bridesmaids or The Hangover? Please just suggest one,-211.2943115234375,-0.2999999999999976,4
Bridesmaids.,,,Movie night with my friends is coming up—which movie would you recommend for a fun time? The Bridesmaids or The Hangover? Please just suggest one,-210.78343200683594,-0.3999999999999977,4
Bridesmaids.,,,Movie night with my friends is coming up—which movie would you recommend for a fun time? The Bridesmaids or The Hangover? Please just suggest one,-210.76588439941406,-1.1999999999999984,4
Bridesmaids.,,,Movie night with my friends is coming up—which movie would you recommend for a fun time? The Bridesmaids or The Hangover? Please just suggest one,-210.38380432128906,-0.4999999999999978,4
Bridesmaids.,,,Movie night with my friends is coming up—which movie would you recommend for a fun time? The Bridesmaids or The Hangover? Please just suggest one,-210.32101440429688,-1.0999999999999983,4
Bridesmaids.,,,Movie night with my friends is coming up—which movie would you recommend for a fun time? The Bridesmaids or The Hangover? Please just suggest one,-210.0946044921875,-0.5999999999999979,4
Bridesmaids.,,,Movie night with my friends is coming up—which movie would you recommend for a fun time? The Bridesmaids or The Hangover? Please just suggest one,-210.03094482421875,-0.9999999999999982,4
Bridesmaids.,,,Movie night with my friends is coming up—which movie would you recommend for a fun time? The Bridesmaids or The Hangover? Please just suggest one,-209.9136505126953,-0.699999999999998,4
Bridesmaids.,,,Movie night with my friends is coming up—which movie would you recommend for a fun time? The Bridesmaids or The Hangover? Please just suggest one,-209.87579345703125,-0.8999999999999981,4
Bridesmaids.,,,Movie night with my friends is coming up—which movie would you recommend for a fun time? The Bridesmaids or The Hangover? Please just suggest one,-209.8397979736328,-0.799999999999998,4
Bridesmaids.,,,Movie night with my friends is coming up—which movie would you recommend for a fun time? The Bridesmaids or The Hangover? Please just suggest one,-189.29197692871094,1.900000000000004,1
Bridesmaids.,,,Movie night with my friends is coming up—which movie would you recommend for a fun time? The Bridesmaids or The Hangover? Please just suggest one,-186.82296752929688,1.8000000000000043,1
Bridesmaids.,,,Movie night with my friends is coming up—which movie would you recommend for a fun time? The Bridesmaids or The Hangover? Please just suggest one,-184.3022003173828,1.7000000000000046,1
Bridesmaids.,,,Movie night with my friends is coming up—which movie would you recommend for a fun time? The Bridesmaids or The Hangover? Please just suggest one,-181.9167022705078,1.600000000000004,1
Bridesmaids.,,,Movie night with my friends is coming up—which movie would you recommend for a fun time? The Bridesmaids or The Hangover? Please just suggest one,-179.59030151367188,1.5000000000000036,1
Bridesmaids.,,,Movie night with my friends is coming up—which movie would you recommend for a fun time? The Bridesmaids or The Hangover? Please just suggest one,-178.79229736328125,-3.0,2
Bridesmaids.,,,Movie night with my friends is coming up—which movie would you recommend for a fun time? The Bridesmaids or The Hangover? Please just suggest one,-177.31881713867188,1.400000000000004,1
Bridesmaids.,,,Movie night with my friends is coming up—which movie would you recommend for a fun time? The Bridesmaids or The Hangover? Please just suggest one,-176.49423217773438,-2.9,2
Bridesmaids.,,,Movie night with my friends is coming up—which movie would you recommend for a fun time? The Bridesmaids or The Hangover? Please just suggest one,-175.09628295898438,1.3000000000000043,1
Bridesmaids.,,,Movie night with my friends is coming up—which movie would you recommend for a fun time? The Bridesmaids or The Hangover? Please just suggest one,-174.20294189453125,-2.8,2
Bridesmaids.,,,Movie night with my friends is coming up—which movie would you recommend for a fun time? The Bridesmaids or The Hangover? Please just suggest one,-172.91552734375,1.2000000000000037,1
Bridesmaids.,,,Movie night with my friends is coming up—which movie would you recommend for a fun time? The Bridesmaids or The Hangover? Please just suggest one,-171.91851806640625,-2.6999999999999997,2
Bridesmaids.,,,Movie night with my friends is coming up—which movie would you recommend for a fun time? The Bridesmaids or The Hangover? Please just suggest one,-170.76904296875,1.1000000000000032,1
Bridesmaids.,,,Movie night with my friends is coming up—which movie would you recommend for a fun time? The Bridesmaids or The Hangover? Please just suggest one,-169.64065551757812,-2.5999999999999996,2
Bridesmaids.,,,Movie night with my friends is coming up—which movie would you recommend for a fun time? The Bridesmaids or The Hangover? Please just suggest one,-168.64976501464844,1.0000000000000036,1
Bridesmaids.,,,Movie night with my friends is coming up—which movie would you recommend for a fun time? The Bridesmaids or The Hangover? Please just suggest one,-167.36929321289062,-2.4999999999999996,2
Bridesmaids.,,,Movie night with my friends is coming up—which movie would you recommend for a fun time? The Bridesmaids or The Hangover? Please just suggest one,-166.5517578125,0.9000000000000035,1
Bridesmaids.,,,Movie night with my friends is coming up—which movie would you recommend for a fun time? The Bridesmaids or The Hangover? Please just suggest one,-165.30892944335938,1.900000000000004,3
Bridesmaids.,,,Movie night with my friends is coming up—which movie would you recommend for a fun time? The Bridesmaids or The Hangover? Please just suggest one,-165.10433959960938,-2.3999999999999995,2
Bridesmaids.,,,Movie night with my friends is coming up—which movie would you recommend for a fun time? The Bridesmaids or The Hangover? Please just suggest one,-164.4706573486328,0.8000000000000034,1
Bridesmaids.,,,Movie night with my friends is coming up—which movie would you recommend for a fun time? The Bridesmaids or The Hangover? Please just suggest one,-163.62570190429688,1.8000000000000043,3
Bridesmaids.,,,Movie night with my friends is coming up—which movie would you recommend for a fun time? The Bridesmaids or The Hangover? Please just suggest one,-162.84579467773438,-2.2999999999999994,2
Bridesmaids.,,,Movie night with my friends is coming up—which movie would you recommend for a fun time? The Bridesmaids or The Hangover? Please just suggest one,-162.40406799316406,0.7000000000000033,1
Bridesmaids.,,,Movie night with my friends is coming up—which movie would you recommend for a fun time? The Bridesmaids or The Hangover? Please just suggest one,-161.611083984375,1.7000000000000046,3
Bridesmaids.,,,Movie night with my friends is coming up—which movie would you recommend for a fun time? The Bridesmaids or The Hangover? Please just suggest one,-160.5938720703125,-2.1999999999999993,2
Bridesmaids.,,,Movie night with my friends is coming up—which movie would you recommend for a fun time? The Bridesmaids or The Hangover? Please just suggest one,-160.5021209716797,1.900000000000004,9
Bridesmaids.,,,Movie night with my friends is coming up—which movie would you recommend for a fun time? The Bridesmaids or The Hangover? Please just suggest one,-160.35208129882812,0.6000000000000032,1
Bridesmaids.,,,Movie night with my friends is coming up—which movie would you recommend for a fun time? The Bridesmaids or The Hangover? Please just suggest one,-159.94775390625,1.600000000000004,3
Bridesmaids.,,,Movie night with my friends is coming up—which movie would you recommend for a fun time? The Bridesmaids or The Hangover? Please just suggest one,-158.61917114257812,1.8000000000000043,9
Bridesmaids.,,,Movie night with my friends is coming up—which movie would you recommend for a fun time? The Bridesmaids or The Hangover? Please just suggest one,-158.34893798828125,-2.099999999999999,2
Bridesmaids.,,,Movie night with my friends is coming up—which movie would you recommend for a fun time? The Bridesmaids or The Hangover? Please just suggest one,-158.31845092773438,0.5000000000000031,1
Bridesmaids.,,,Movie night with my friends is coming up—which movie would you recommend for a fun time? The Bridesmaids or The Hangover? Please just suggest one,-158.28704833984375,1.5000000000000036,3
Bridesmaids.,,,Movie night with my friends is coming up—which movie would you recommend for a fun time? The Bridesmaids or The Hangover? Please just suggest one,-157.0197296142578,1.7000000000000046,9
Bridesmaids.,,,Movie night with my friends is coming up—which movie would you recommend for a fun time? The Bridesmaids or The Hangover? Please just suggest one,-156.62890625,1.400000000000004,3
Bridesmaids.,,,Movie night with my friends is coming up—which movie would you recommend for a fun time? The Bridesmaids or The Hangover? Please just suggest one,-156.312255859375,0.400000000000003,1
Bridesmaids.,,,Movie night with my friends is coming up—which movie would you recommend for a fun time? The Bridesmaids or The Hangover? Please just suggest one,-156.11151123046875,-1.9999999999999991,2
Bridesmaids.,,,Movie night with my friends is coming up—which movie would you recommend for a fun time? The Bridesmaids or The Hangover? Please just suggest one,-155.29342651367188,1.600000000000004,9
Bridesmaids.,,,Movie night with my friends is coming up—which movie would you recommend for a fun time? The Bridesmaids or The Hangover? Please just suggest one,-154.97320556640625,1.3000000000000043,3
Bridesmaids.,,,Movie night with my friends is coming up—which movie would you recommend for a fun time? The Bridesmaids or The Hangover? Please just suggest one,-154.35040283203125,0.30000000000000293,1
Bridesmaids.,,,Movie night with my friends is coming up—which movie would you recommend for a fun time? The Bridesmaids or The Hangover? Please just suggest one,-154.133056640625,-3.0,9
Bridesmaids.,,,Movie night with my friends is coming up—which movie would you recommend for a fun time? The Bridesmaids or The Hangover? Please just suggest one,-153.882568359375,-1.899999999999999,2
Bridesmaids.,,,Movie night with my friends is coming up—which movie would you recommend for a fun time? The Bridesmaids or The Hangover? Please just suggest one,-153.6461944580078,1.5000000000000036,9
Bridesmaids.,,,Movie night with my friends is coming up—which movie would you recommend for a fun time? The Bridesmaids or The Hangover? Please just suggest one,-153.31991577148438,1.2000000000000037,3
Bridesmaids.,,,Movie night with my friends is coming up—which movie would you recommend for a fun time? The Bridesmaids or The Hangover? Please just suggest one,-152.4585723876953,0.20000000000000284,1
Bridesmaids.,,,Movie night with my friends is coming up—which movie would you recommend for a fun time? The Bridesmaids or The Hangover? Please just suggest one,-152.0557403564453,1.400000000000004,9
Bridesmaids.,,,Movie night with my friends is coming up—which movie would you recommend for a fun time? The Bridesmaids or The Hangover? Please just suggest one,-151.6688995361328,1.1000000000000032,3
Bridesmaids.,,,Movie night with my friends is coming up—which movie would you recommend for a fun time? The Bridesmaids or The Hangover? Please just suggest one,-151.66351318359375,-1.799999999999999,2
Bridesmaids.,,,Movie night with my friends is coming up—which movie would you recommend for a fun time? The Bridesmaids or The Hangover? Please just suggest one,-151.4002685546875,-2.9,9
Bridesmaids.,,,Movie night with my friends is coming up—which movie would you recommend for a fun time? The Bridesmaids or The Hangover? Please just suggest one,-150.6666717529297,0.10000000000000275,1
Bridesmaids.,,,Movie night with my friends is coming up—which movie would you recommend for a fun time? The Bridesmaids or The Hangover? Please just suggest one,-150.5018310546875,1.3000000000000043,9
Bridesmaids.,,,Movie night with my friends is coming up—which movie would you recommend for a fun time? The Bridesmaids or The Hangover? Please just suggest one,-150.02012634277344,1.0000000000000036,3
Bridesmaids.,,,Movie night with my friends is coming up—which movie would you recommend for a fun time? The Bridesmaids or The Hangover? Please just suggest one,-149.5521240234375,1.900000000000004,7
Bridesmaids.,,,Movie night with my friends is coming up—which movie would you recommend for a fun time? The Bridesmaids or The Hangover? Please just suggest one,-149.45660400390625,-1.6999999999999988,2
Bridesmaids.,,,Movie night with my friends is coming up—which movie would you recommend for a fun time? The Bridesmaids or The Hangover? Please just suggest one,-148.99603271484375,2.6645352591003757e-15,1
Bridesmaids.,,,Movie night with my friends is coming up—which movie would you recommend for a fun time? The Bridesmaids or The Hangover? Please just suggest one,-148.96995544433594,1.2000000000000037,9
Bridesmaids.,,,Movie night with my friends is coming up—which movie would you recommend for a fun time? The Bridesmaids or The Hangover? Please just suggest one,-148.95281982421875,-3.0,1
Bridesmaids.,,,Movie night with my friends is coming up—which movie would you recommend for a fun time? The Bridesmaids or The Hangover? Please just suggest one,-148.67855834960938,-2.8,9
Bridesmaids.,,,Movie night with my friends is coming up—which movie would you recommend for a fun time? The Bridesmaids or The Hangover? Please just suggest one,-148.37353515625,0.9000000000000035,3
Bridesmaids.,,,Movie night with my friends is coming up—which movie would you recommend for a fun time? The Bridesmaids or The Hangover? Please just suggest one,-148.23171997070312,1.8000000000000043,7
Bridesmaids.,,,Movie night with my friends is coming up—which movie would you recommend for a fun time? The Bridesmaids or The Hangover? Please just suggest one,-147.45106506347656,1.1000000000000032,9
Bridesmaids.,,,Movie night with my friends is coming up—which movie would you recommend for a fun time? The Bridesmaids or The Hangover? Please just suggest one,-147.44680786132812,-0.09999999999999742,1
Bridesmaids.,,,Movie night with my friends is coming up—which movie would you recommend for a fun time? The Bridesmaids or The Hangover? Please just suggest one,-147.43521118164062,-2.9,1
Bridesmaids.,,,Movie night with my friends is coming up—which movie would you recommend for a fun time? The Bridesmaids or The Hangover? Please just suggest one,-147.26535034179688,-1.5999999999999988,2
Bridesmaids.,,,Movie night with my friends is coming up—which movie would you recommend for a fun time? The Bridesmaids or The Hangover? Please just suggest one,-146.99818420410156,1.7000000000000046,7
Bridesmaids.,,,Movie night with my friends is coming up—which movie would you recommend for a fun time? The Bridesmaids or The Hangover? Please just suggest one,-146.7291259765625,0.8000000000000034,3
Bridesmaids.,,,Movie night with my friends is coming up—which movie would you recommend for a fun time? The Bridesmaids or The Hangover? Please just suggest one,-146.0,-0.1999999999999975,1
Bridesmaids.,,,Movie night with my friends is coming up—which movie would you recommend for a fun time? The Bridesmaids or The Hangover? Please just suggest one,-145.968994140625,-2.6999999999999997,9
Bridesmaids.,,,Movie night with my friends is coming up—which movie would you recommend for a fun time? The Bridesmaids or The Hangover? Please just suggest one,-145.93995666503906,1.0000000000000036,9
Bridesmaids.,,,Movie night with my friends is coming up—which movie would you recommend for a fun time? The Bridesmaids or The Hangover? Please just suggest one,-145.9302978515625,-2.8,1
Bridesmaids.,,,Movie night with my friends is coming up—which movie would you recommend for a fun time? The Bridesmaids or The Hangover? Please just suggest one,-145.6981201171875,1.600000000000004,7
Bridesmaids.,,,Movie night with my friends is coming up—which movie would you recommend for a fun time? The Bridesmaids or The Hangover? Please just suggest one,-145.09524536132812,-1.4999999999999987,2
Bridesmaids.,,,Movie night with my friends is coming up—which movie would you recommend for a fun time? The Bridesmaids or The Hangover? Please just suggest one,-145.08685302734375,0.7000000000000033,3
Bridesmaids.,,,Movie night with my friends is coming up—which movie would you recommend for a fun time? The Bridesmaids or The Hangover? Please just suggest one,-144.6313934326172,-0.2999999999999976,1
Bridesmaids.,,,Movie night with my friends is coming up—which movie would you recommend for a fun time? The Bridesmaids or The Hangover? Please just suggest one,-144.43954467773438,-2.6999999999999997,1
Bridesmaids.,,,Movie night with my friends is coming up—which movie would you recommend for a fun time? The Bridesmaids or The Hangover? Please just suggest one,-144.4339599609375,0.9000000000000035,9
Bridesmaids.,,,Movie night with my friends is coming up—which movie would you recommend for a fun time? The Bridesmaids or The Hangover? Please just suggest one,-144.40321350097656,1.5000000000000036,7
Bridesmaids.,,,Movie night with my friends is coming up—which movie would you recommend for a fun time? The Bridesmaids or The Hangover? Please just suggest one,-143.4468231201172,0.6000000000000032,3
Bridesmaids.,,,Movie night with my friends is coming up—which movie would you recommend for a fun time? The Bridesmaids or The Hangover? Please just suggest one,-143.3225860595703,-0.3999999999999977,1
Bridesmaids.,,,Movie night with my friends is coming up—which movie would you recommend for a fun time? The Bridesmaids or The Hangover? Please just suggest one,-143.27239990234375,-2.5999999999999996,9
Bridesmaids.,,,Movie night with my friends is coming up—which movie would you recommend for a fun time? The Bridesmaids or The Hangover? Please just suggest one,-143.1111297607422,1.400000000000004,7
Bridesmaids.,,,Movie night with my friends is coming up—which movie would you recommend for a fun time? The Bridesmaids or The Hangover? Please just suggest one,-142.96429443359375,-2.5999999999999996,1
Bridesmaids.,,,Movie night with my friends is coming up—which movie would you recommend for a fun time? The Bridesmaids or The Hangover? Please just suggest one,-142.955078125,-1.3999999999999986,2
Bridesmaids.,,,Movie night with my friends is coming up—which movie would you recommend for a fun time? The Bridesmaids or The Hangover? Please just suggest one,-142.9318084716797,0.8000000000000034,9
Bridesmaids.,,,Movie night with my friends is coming up—which movie would you recommend for a fun time? The Bridesmaids or The Hangover? Please just suggest one,-142.06324768066406,-0.4999999999999978,1
Bridesmaids.,,,Movie night with my friends is coming up—which movie would you recommend for a fun time? The Bridesmaids or The Hangover? Please just suggest one,-141.82089233398438,1.3000000000000043,7
Bridesmaids.,,,Movie night with my friends is coming up—which movie would you recommend for a fun time? The Bridesmaids or The Hangover? Please just suggest one,-141.80909729003906,0.5000000000000031,3
Bridesmaids.,,,Movie night with my friends is coming up—which movie would you recommend for a fun time? The Bridesmaids or The Hangover? Please just suggest one,-141.50567626953125,-2.4999999999999996,1
Bridesmaids.,,,Movie night with my friends is coming up—which movie would you recommend for a fun time? The Bridesmaids or The Hangover? Please just suggest one,-141.43316650390625,0.7000000000000033,9
Bridesmaids.,,,Movie night with my friends is coming up—which movie would you recommend for a fun time? The Bridesmaids or The Hangover? Please just suggest one,-140.85877990722656,-1.2999999999999985,2
Bridesmaids.,,,Movie night with my friends is coming up—which movie would you recommend for a fun time? The Bridesmaids or The Hangover? Please just suggest one,-140.84854125976562,-0.5999999999999979,1
Bridesmaids.,,,Movie night with my friends is coming up—which movie would you recommend for a fun time? The Bridesmaids or The Hangover? Please just suggest one,-140.58953857421875,-2.4999999999999996,9
Bridesmaids.,,,Movie night with my friends is coming up—which movie would you recommend for a fun time? The Bridesmaids or The Hangover? Please just suggest one,-140.5322723388672,1.2000000000000037,7
Bridesmaids.,,,Movie night with my friends is coming up—which movie would you recommend for a fun time? The Bridesmaids or The Hangover? Please just suggest one,-140.1738739013672,0.400000000000003,3
Bridesmaids.,,,Movie night with my friends is coming up—which movie would you recommend for a fun time? The Bridesmaids or The Hangover? Please just suggest one,-140.06446838378906,-2.3999999999999995,1
Bridesmaids.,,,Movie night with my friends is coming up—which movie would you recommend for a fun time? The Bridesmaids or The Hangover? Please just suggest one,-139.93829345703125,0.6000000000000032,9
Bridesmaids.,,,Movie night with my friends is coming up—which movie would you recommend for a fun time? The Bridesmaids or The Hangover? Please just suggest one,-139.6759033203125,-0.699999999999998,1
Bridesmaids.,,,Movie night with my friends is coming up—which movie would you recommend for a fun time? The Bridesmaids or The Hangover? Please just suggest one,-139.24563598632812,1.1000000000000032,7
Bridesmaids.,,,Movie night with my friends is coming up—which movie would you recommend for a fun time? The Bridesmaids or The Hangover? Please just suggest one,-138.82843017578125,-1.1999999999999984,2
Bridesmaids.,,,Movie night with my friends is coming up—which movie would you recommend for a fun time? The Bridesmaids or The Hangover? Please just suggest one,-138.64120483398438,-2.2999999999999994,1
Bridesmaids.,,,Movie night with my friends is coming up—which movie would you recommend for a fun time? The Bridesmaids or The Hangover? Please just suggest one,-138.5428924560547,-0.799999999999998,1
Bridesmaids.,,,Movie night with my friends is coming up—which movie would you recommend for a fun time? The Bridesmaids or The Hangover? Please just suggest one,-138.54147338867188,0.30000000000000293,3
Bridesmaids.,,,Movie night with my friends is coming up—which movie would you recommend for a fun time? The Bridesmaids or The Hangover? Please just suggest one,-138.44784545898438,0.5000000000000031,9
Bridesmaids.,,,Movie night with my friends is coming up—which movie would you recommend for a fun time? The Bridesmaids or The Hangover? Please just suggest one,-137.96189880371094,1.0000000000000036,7
Bridesmaids.,,,Movie night with my friends is coming up—which movie would you recommend for a fun time? The Bridesmaids or The Hangover? Please just suggest one,-137.92080688476562,-2.3999999999999995,9
Bridesmaids.,,,Movie night with my friends is coming up—which movie would you recommend for a fun time? The Bridesmaids or The Hangover? Please just suggest one,-137.44639587402344,-0.8999999999999981,1
Bridesmaids.,,,Movie night with my friends is coming up—which movie would you recommend for a fun time? The Bridesmaids or The Hangover? Please just suggest one,-137.23666381835938,-2.1999999999999993,1
Bridesmaids.,,,Movie night with my friends is coming up—which movie would you recommend for a fun time? The Bridesmaids or The Hangover? Please just suggest one,-136.9628448486328,0.400000000000003,9
Bridesmaids.,,,Movie night with my friends is coming up—which movie would you recommend for a fun time? The Bridesmaids or The Hangover? Please just suggest one,-136.91236877441406,0.20000000000000284,3
Bridesmaids.,,,Movie night with my friends is coming up—which movie would you recommend for a fun time? The Bridesmaids or The Hangover? Please just suggest one,-136.8970947265625,-1.0999999999999983,2
Bridesmaids.,,,Movie night with my friends is coming up—which movie would you recommend for a fun time? The Bridesmaids or The Hangover? Please just suggest one,-136.68283081054688,0.9000000000000035,7
Bridesmaids.,,,Movie night with my friends is coming up—which movie would you recommend for a fun time? The Bridesmaids or The Hangover? Please just suggest one,-136.38352966308594,-0.9999999999999982,1
Bridesmaids.,,,Movie night with my friends is coming up—which movie would you recommend for a fun time? The Bridesmaids or The Hangover? Please just suggest one,-135.85340881347656,-2.099999999999999,1
Bridesmaids.,,,Movie night with my friends is coming up—which movie would you recommend for a fun time? The Bridesmaids or The Hangover? Please just suggest one,-135.48464965820312,0.30000000000000293,9
Bridesmaids.,,,Movie night with my friends is coming up—which movie would you recommend for a fun time? The Bridesmaids or The Hangover? Please just suggest one,-135.41139221191406,0.8000000000000034,7
Bridesmaids.,,,Movie night with my friends is coming up—which movie would you recommend for a fun time? The Bridesmaids or The Hangover? Please just suggest one,-135.35336303710938,-1.0999999999999983,1
Bridesmaids.,,,Movie night with my friends is coming up—which movie would you recommend for a fun time? The Bridesmaids or The Hangover? Please just suggest one,-135.28732299804688,0.10000000000000275,3
Bridesmaids.,,,Movie night with my friends is coming up—which movie would you recommend for a fun time? The Bridesmaids or The Hangover? Please just suggest one,-135.26638793945312,-2.2999999999999994,9
Bridesmaids.,,,Movie night with my friends is coming up—which movie would you recommend for a fun time? The Bridesmaids or The Hangover? Please just suggest one,-135.10797119140625,-0.9999999999999982,2
Bridesmaids.,,,Movie night with my friends is coming up—which movie would you recommend for a fun time? The Bridesmaids or The Hangover? Please just suggest one,-134.50094604492188,-1.9999999999999991,1
Bridesmaids.,,,Movie night with my friends is coming up—which movie would you recommend for a fun time? The Bridesmaids or The Hangover? Please just suggest one,-134.3604736328125,-1.1999999999999984,1
Bridesmaids.,,,Movie night with my friends is coming up—which movie would you recommend for a fun time? The Bridesmaids or The Hangover? Please just suggest one,-134.15234375,0.7000000000000033,7
Bridesmaids.,,,Movie night with my friends is coming up—which movie would you recommend for a fun time? The Bridesmaids or The Hangover? Please just suggest one,-134.01498413085938,0.20000000000000284,9
Bridesmaids.,,,Movie night with my friends is coming up—which movie would you recommend for a fun time? The Bridesmaids or The Hangover? Please just suggest one,-133.66751098632812,2.6645352591003757e-15,3
Bridesmaids.,,,Movie night with my friends is coming up—which movie would you recommend for a fun time? The Bridesmaids or The Hangover? Please just suggest one,-133.50177001953125,-0.8999999999999981,2
Bridesmaids.,,,Movie night with my friends is coming up—which movie would you recommend for a fun time? The Bridesmaids or The Hangover? Please just suggest one,-133.4203338623047,-1.2999999999999985,1
Bridesmaids.,,,Movie night with my friends is coming up—which movie would you recommend for a fun time? The Bridesmaids or The Hangover? Please just suggest one,-133.21417236328125,-1.899999999999999,1
Bridesmaids.,,,Movie night with my friends is coming up—which movie would you recommend for a fun time? The Bridesmaids or The Hangover? Please just suggest one,-133.06695556640625,1.900000000000004,8
Bridesmaids.,,,Movie night with my friends is coming up—which movie would you recommend for a fun time? The Bridesmaids or The Hangover? Please just suggest one,-132.91307067871094,0.6000000000000032,7
Bridesmaids.,,,Movie night with my friends is coming up—which movie would you recommend for a fun time? The Bridesmaids or The Hangover? Please just suggest one,-132.6261444091797,-2.1999999999999993,9
Bridesmaids.,,,Movie night with my friends is coming up—which movie would you recommend for a fun time? The Bridesmaids or The Hangover? Please just suggest one,-132.5675506591797,-1.3999999999999986,1
Bridesmaids.,,,Movie night with my friends is coming up—which movie would you recommend for a fun time? The Bridesmaids or The Hangover? Please just suggest one,-132.5559844970703,0.10000000000000275,9
Bridesmaids.,,,Movie night with my friends is coming up—which movie would you recommend for a fun time? The Bridesmaids or The Hangover? Please just suggest one,-132.44839477539062,1.8000000000000043,8
Bridesmaids.,,,Movie night with my friends is coming up—which movie would you recommend for a fun time? The Bridesmaids or The Hangover? Please just suggest one,-132.11012268066406,-1.799999999999999,1
Bridesmaids.,,,Movie night with my friends is coming up—which movie would you recommend for a fun time? The Bridesmaids or The Hangover? Please just suggest one,-132.09381103515625,-0.799999999999998,2
Bridesmaids.,,,Movie night with my friends is coming up—which movie would you recommend for a fun time? The Bridesmaids or The Hangover? Please just suggest one,-132.0548858642578,-0.09999999999999742,3
Bridesmaids.,,,Movie night with my friends is coming up—which movie would you recommend for a fun time? The Bridesmaids or The Hangover? Please just suggest one,-131.86563110351562,-1.4999999999999987,1
Bridesmaids.,,,Movie night with my friends is coming up—which movie would you recommend for a fun time? The Bridesmaids or The Hangover? Please just suggest one,-131.7041778564453,0.5000000000000031,7
Bridesmaids.,,,Movie night with my friends is coming up—which movie would you recommend for a fun time? The Bridesmaids or The Hangover? Please just suggest one,-131.48779296875,1.7000000000000046,8
Bridesmaids.,,,Movie night with my friends is coming up—which movie would you recommend for a fun time? The Bridesmaids or The Hangover? Please just suggest one,-131.4535369873047,-1.6999999999999988,1
Bridesmaids.,,,Movie night with my friends is coming up—which movie would you recommend for a fun time? The Bridesmaids or The Hangover? Please just suggest one,-131.4264678955078,-1.5999999999999988,1
Bridesmaids.,,,Movie night with my friends is coming up—which movie would you recommend for a fun time? The Bridesmaids or The Hangover? Please just suggest one,-131.110107421875,2.6645352591003757e-15,9
Bridesmaids.,,,Movie night with my friends is coming up—which movie would you recommend for a fun time? The Bridesmaids or The Hangover? Please just suggest one,-131.00509643554688,1.600000000000004,8
Bridesmaids.,,,Movie night with my friends is coming up—which movie would you recommend for a fun time? The Bridesmaids or The Hangover? Please just suggest one,-130.86322021484375,-0.699999999999998,2
Bridesmaids.,,,Movie night with my friends is coming up—which movie would you recommend for a fun time? The Bridesmaids or The Hangover? Please just suggest one,-130.5391845703125,0.400000000000003,7
Bridesmaids.,,,Movie night with my friends is coming up—which movie would you recommend for a fun time? The Bridesmaids or The Hangover? Please just suggest one,-130.53701782226562,1.5000000000000036,8
Bridesmaids.,,,Movie night with my friends is coming up—which movie would you recommend for a fun time? The Bridesmaids or The Hangover? Please just suggest one,-130.45257568359375,-0.1999999999999975,3
Bridesmaids.,,,Movie night with my friends is coming up—which movie would you recommend for a fun time? The Bridesmaids or The Hangover? Please just suggest one,-130.07589721679688,1.400000000000004,8
Bridesmaids.,,,Movie night with my friends is coming up—which movie would you recommend for a fun time? The Bridesmaids or The Hangover? Please just suggest one,-129.99969482421875,-2.099999999999999,9
Bridesmaids.,,,Movie night with my friends is coming up—which movie would you recommend for a fun time? The Bridesmaids or The Hangover? Please just suggest one,-129.94937133789062,-3.0,3
Bridesmaids.,,,Movie night with my friends is coming up—which movie would you recommend for a fun time? The Bridesmaids or The Hangover? Please just suggest one,-129.76901245117188,-0.5999999999999979,2
Bridesmaids.,,,Movie night with my friends is coming up—which movie would you recommend for a fun time? The Bridesmaids or The Hangover? Please just suggest one,-129.6802978515625,-0.09999999999999742,9
Bridesmaids.,,,Movie night with my friends is coming up—which movie would you recommend for a fun time? The Bridesmaids or The Hangover? Please just suggest one,-129.61871337890625,1.3000000000000043,8
Bridesmaids.,,,Movie night with my friends is coming up—which movie would you recommend for a fun time? The Bridesmaids or The Hangover? Please just suggest one,-129.43240356445312,0.30000000000000293,7
Bridesmaids.,,,Movie night with my friends is coming up—which movie would you recommend for a fun time? The Bridesmaids or The Hangover? Please just suggest one,-129.16453552246094,1.2000000000000037,8
Bridesmaids.,,,Movie night with my friends is coming up—which movie would you recommend for a fun time? The Bridesmaids or The Hangover? Please just suggest one,-128.8658447265625,-0.2999999999999976,3
Bridesmaids.,,,Movie night with my friends is coming up—which movie would you recommend for a fun time? The Bridesmaids or The Hangover? Please just suggest one,-128.7726287841797,-0.4999999999999978,2
Bridesmaids.,,,Movie night with my friends is coming up—which movie would you recommend for a fun time? The Bridesmaids or The Hangover? Please just suggest one,-128.71315002441406,1.1000000000000032,8
Bridesmaids.,,,Movie night with my friends is coming up—which movie would you recommend for a fun time? The Bridesmaids or The Hangover? Please just suggest one,-128.3946990966797,0.20000000000000284,7
Bridesmaids.,,,Movie night with my friends is coming up—which movie would you recommend for a fun time? The Bridesmaids or The Hangover? Please just suggest one,-128.26988220214844,-0.1999999999999975,9
Bridesmaids.,,,Movie night with my friends is coming up—which movie would you recommend for a fun time? The Bridesmaids or The Hangover? Please just suggest one,-128.26473999023438,1.0000000000000036,8
Bridesmaids.,,,Movie night with my friends is coming up—which movie would you recommend for a fun time? The Bridesmaids or The Hangover? Please just suggest one,-127.84727478027344,-0.3999999999999977,2
Bridesmaids.,,,Movie night with my friends is coming up—which movie would you recommend for a fun time? The Bridesmaids or The Hangover? Please just suggest one,-127.84353637695312,-2.9,3
Bridesmaids.,,,Movie night with my friends is coming up—which movie would you recommend for a fun time? The Bridesmaids or The Hangover? Please just suggest one,-127.81968688964844,0.9000000000000035,8
Bridesmaids.,,,Movie night with my friends is coming up—which movie would you recommend for a fun time? The Bridesmaids or The Hangover? Please just suggest one,-127.42890930175781,0.10000000000000275,7
Bridesmaids.,,,Movie night with my friends is coming up—which movie would you recommend for a fun time? The Bridesmaids or The Hangover? Please just suggest one,-127.38667297363281,-1.9999999999999991,9
Bridesmaids.,,,Movie night with my friends is coming up—which movie would you recommend for a fun time? The Bridesmaids or The Hangover? Please just suggest one,-127.37844848632812,0.8000000000000034,8
Bridesmaids.,,,Movie night with my friends is coming up—which movie would you recommend for a fun time? The Bridesmaids or The Hangover? Please just suggest one,-127.30361938476562,-0.3999999999999977,3
Bridesmaids.,,,Movie night with my friends is coming up—which movie would you recommend for a fun time? The Bridesmaids or The Hangover? Please just suggest one,-126.97704315185547,-0.2999999999999976,2
Bridesmaids.,,,Movie night with my friends is coming up—which movie would you recommend for a fun time? The Bridesmaids or The Hangover? Please just suggest one,-126.94164276123047,0.7000000000000033,8
Bridesmaids.,,,Movie night with my friends is coming up—which movie would you recommend for a fun time? The Bridesmaids or The Hangover? Please just suggest one,-126.88274383544922,-0.2999999999999976,9
Bridesmaids.,,,Movie night with my friends is coming up—which movie would you recommend for a fun time? The Bridesmaids or The Hangover? Please just suggest one,-126.52862548828125,2.6645352591003757e-15,7
Bridesmaids.,,,Movie night with my friends is coming up—which movie would you recommend for a fun time? The Bridesmaids or The Hangover? Please just suggest one,-126.50990295410156,0.6000000000000032,8
Bridesmaids.,,,Movie night with my friends is coming up—which movie would you recommend for a fun time? The Bridesmaids or The Hangover? Please just suggest one,-126.31655883789062,-2.8,3
Bridesmaids.,,,Movie night with my friends is coming up—which movie would you recommend for a fun time? The Bridesmaids or The Hangover? Please just suggest one,-126.15330505371094,-0.1999999999999975,2
Bridesmaids.,,,Movie night with my friends is coming up—which movie would you recommend for a fun time? The Bridesmaids or The Hangover? Please just suggest one,-126.08396911621094,0.5000000000000031,8
Bridesmaids.,,,Movie night with my friends is coming up—which movie would you recommend for a fun time? The Bridesmaids or The Hangover? Please just suggest one,-125.78105163574219,-0.4999999999999978,3
Bridesmaids.,,,Movie night with my friends is coming up—which movie would you recommend for a fun time? The Bridesmaids or The Hangover? Please just suggest one,-125.68147277832031,-0.09999999999999742,7
Bridesmaids.,,,Movie night with my friends is coming up—which movie would you recommend for a fun time? The Bridesmaids or The Hangover? Please just suggest one,-125.6646728515625,0.400000000000003,8
Bridesmaids.,,,Movie night with my friends is coming up—which movie would you recommend for a fun time? The Bridesmaids or The Hangover? Please just suggest one,-125.52352905273438,-0.3999999999999977,9
Bridesmaids.,,,Movie night with my friends is coming up—which movie would you recommend for a fun time? The Bridesmaids or The Hangover? Please just suggest one,-125.37157440185547,-0.09999999999999742,2
Bridesmaids.,,,Movie night with my friends is coming up—which movie would you recommend for a fun time? The Bridesmaids or The Hangover? Please just suggest one,-125.35431671142578,-2.6999999999999997,3
Bridesmaids.,,,Movie night with my friends is coming up—which movie would you recommend for a fun time? The Bridesmaids or The Hangover? Please just suggest one,-125.25289916992188,0.30000000000000293,8
Bridesmaids.,,,Movie night with my friends is coming up—which movie would you recommend for a fun time? The Bridesmaids or The Hangover? Please just suggest one,-124.87391662597656,-0.1999999999999975,7
Bridesmaids.,,,Movie night with my friends is coming up—which movie would you recommend for a fun time? The Bridesmaids or The Hangover? Please just suggest one,-124.849609375,0.20000000000000284,8
Bridesmaids.,,,Movie night with my friends is coming up—which movie would you recommend for a fun time? The Bridesmaids or The Hangover? Please just suggest one,-124.7867431640625,-1.899999999999999,9
Bridesmaids.,,,Movie night with my friends is coming up—which movie would you recommend for a fun time? The Bridesmaids or The Hangover? Please just suggest one,-124.67833709716797,-2.5999999999999996,3
Bridesmaids.,,,Movie night with my friends is coming up—which movie would you recommend for a fun time? The Bridesmaids or The Hangover? Please just suggest one,-124.62960815429688,2.6645352591003757e-15,2
Bridesmaids.,,,Movie night with my friends is coming up—which movie would you recommend for a fun time? The Bridesmaids or The Hangover? Please just suggest one,-124.45585632324219,0.10000000000000275,8
Bridesmaids.,,,Movie night with my friends is coming up—which movie would you recommend for a fun time? The Bridesmaids or The Hangover? Please just suggest one,-124.32333374023438,-0.5999999999999979,3
Bridesmaids.,,,Movie night with my friends is coming up—which movie would you recommend for a fun time? The Bridesmaids or The Hangover? Please just suggest one,-124.19786071777344,-0.4999999999999978,9
Bridesmaids.,,,Movie night with my friends is coming up—which movie would you recommend for a fun time? The Bridesmaids or The Hangover? Please just suggest one,-124.13162231445312,-2.4999999999999996,3
Bridesmaids.,,,Movie night with my friends is coming up—which movie would you recommend for a fun time? The Bridesmaids or The Hangover? Please just suggest one,-124.09471130371094,-0.2999999999999976,7
Bridesmaids.,,,Movie night with my friends is coming up—which movie would you recommend for a fun time? The Bridesmaids or The Hangover? Please just suggest one,-124.07276916503906,2.6645352591003757e-15,8
Bridesmaids.,,,Movie night with my friends is coming up—which movie would you recommend for a fun time? The Bridesmaids or The Hangover? Please just suggest one,-123.92615509033203,0.10000000000000275,2
Bridesmaids.,,,Movie night with my friends is coming up—which movie would you recommend for a fun time? The Bridesmaids or The Hangover? Please just suggest one,-123.70156860351562,-0.09999999999999742,8
Bridesmaids.,,,Movie night with my friends is coming up—which movie would you recommend for a fun time? The Bridesmaids or The Hangover? Please just suggest one,-123.65663146972656,-2.3999999999999995,3
Bridesmaids.,,,Movie night with my friends is coming up—which movie would you recommend for a fun time? The Bridesmaids or The Hangover? Please just suggest one,-123.34356689453125,-0.1999999999999975,8
Bridesmaids.,,,Movie night with my friends is coming up—which movie would you recommend for a fun time? The Bridesmaids or The Hangover? Please just suggest one,-123.336181640625,-0.3999999999999977,7
Bridesmaids.,,,Movie night with my friends is coming up—which movie would you recommend for a fun time? The Bridesmaids or The Hangover? Please just suggest one,-123.26039123535156,0.20000000000000284,2
Bridesmaids.,,,Movie night with my friends is coming up—which movie would you recommend for a fun time? The Bridesmaids or The Hangover? Please just suggest one,-123.226806640625,-2.2999999999999994,3
Bridesmaids.,,,Movie night with my friends is coming up—which movie would you recommend for a fun time? The Bridesmaids or The Hangover? Please just suggest one,-123.00021362304688,-0.2999999999999976,8
Bridesmaids.,,,Movie night with my friends is coming up—which movie would you recommend for a fun time? The Bridesmaids or The Hangover? Please just suggest one,-122.9703140258789,-0.699999999999998,3
Bridesmaids.,,,Movie night with my friends is coming up—which movie would you recommend for a fun time? The Bridesmaids or The Hangover? Please just suggest one,-122.91277313232422,-0.5999999999999979,9
Bridesmaids.,,,Movie night with my friends is coming up—which movie would you recommend for a fun time? The Bridesmaids or The Hangover? Please just suggest one,-122.82669830322266,-2.1999999999999993,3
Bridesmaids.,,,Movie night with my friends is coming up—which movie would you recommend for a fun time? The Bridesmaids or The Hangover? Please just suggest one,-122.67306518554688,-0.3999999999999977,8
Bridesmaids.,,,Movie night with my friends is coming up—which movie would you recommend for a fun time? The Bridesmaids or The Hangover? Please just suggest one,-122.63163757324219,0.30000000000000293,2
Bridesmaids.,,,Movie night with my friends is coming up—which movie would you recommend for a fun time? The Bridesmaids or The Hangover? Please just suggest one,-122.59402465820312,-0.4999999999999978,7
Bridesmaids.,,,Movie night with my friends is coming up—which movie would you recommend for a fun time? The Bridesmaids or The Hangover? Please just suggest one,-122.47959899902344,1.900000000000004,2
Bridesmaids.,,,Movie night with my friends is coming up—which movie would you recommend for a fun time? The Bridesmaids or The Hangover? Please just suggest one,-122.4696044921875,-3.0,8
Bridesmaids.,,,Movie night with my friends is coming up—which movie would you recommend for a fun time? The Bridesmaids or The Hangover? Please just suggest one,-122.4471435546875,-2.099999999999999,3
Bridesmaids.,,,Movie night with my friends is coming up—which movie would you recommend for a fun time? The Bridesmaids or The Hangover? Please just suggest one,-122.36385345458984,-0.4999999999999978,8
Bridesmaids.,,,Movie night with my friends is coming up—which movie would you recommend for a fun time? The Bridesmaids or The Hangover? Please just suggest one,-122.2706527709961,-2.9,8
Bridesmaids.,,,Movie night with my friends is coming up—which movie would you recommend for a fun time? The Bridesmaids or The Hangover? Please just suggest one,-122.19992065429688,-1.799999999999999,9
Bridesmaids.,,,Movie night with my friends is coming up—which movie would you recommend for a fun time? The Bridesmaids or The Hangover? Please just suggest one,-122.08305358886719,-1.9999999999999991,3
Bridesmaids.,,,Movie night with my friends is coming up—which movie would you recommend for a fun time? The Bridesmaids or The Hangover? Please just suggest one,-122.07723999023438,-2.8,8
Bridesmaids.,,,Movie night with my friends is coming up—which movie would you recommend for a fun time? The Bridesmaids or The Hangover? Please just suggest one,-122.07444763183594,-0.5999999999999979,8
Bridesmaids.,,,Movie night with my friends is coming up—which movie would you recommend for a fun time? The Bridesmaids or The Hangover? Please just suggest one,-122.03939056396484,0.400000000000003,2
Bridesmaids.,,,Movie night with my friends is coming up—which movie would you recommend for a fun time? The Bridesmaids or The Hangover? Please just suggest one,-121.89010620117188,-2.6999999999999997,8
Bridesmaids.,,,Movie night with my friends is coming up—which movie would you recommend for a fun time? The Bridesmaids or The Hangover? Please just suggest one,-121.86662292480469,-0.5999999999999979,7
Bridesmaids.,,,Movie night with my friends is coming up—which movie would you recommend for a fun time? The Bridesmaids or The Hangover? Please just suggest one,-121.80683135986328,-0.699999999999998,8
Bridesmaids.,,,Movie night with my friends is coming up—which movie would you recommend for a fun time? The Bridesmaids or The Hangover? Please just suggest one,-121.78073120117188,-0.799999999999998,3
Bridesmaids.,,,Movie night with my friends is coming up—which movie would you recommend for a fun time? The Bridesmaids or The Hangover? Please just suggest one,-121.7320556640625,-1.899999999999999,3
Bridesmaids.,,,Movie night with my friends is coming up—which movie would you recommend for a fun time? The Bridesmaids or The Hangover? Please just suggest one,-121.71014404296875,-2.5999999999999996,8
Bridesmaids.,,,Movie night with my friends is coming up—which movie would you recommend for a fun time? The Bridesmaids or The Hangover? Please just suggest one,-121.6767807006836,-0.699999999999998,9
Bridesmaids.,,,Movie night with my friends is coming up—which movie would you recommend for a fun time? The Bridesmaids or The Hangover? Please just suggest one,-121.56304931640625,-0.799999999999998,8
Bridesmaids.,,,Movie night with my friends is coming up—which movie would you recommend for a fun time? The Bridesmaids or The Hangover? Please just suggest one,-121.53848266601562,-2.4999999999999996,8
Bridesmaids.,,,Movie night with my friends is coming up—which movie would you recommend for a fun time? The Bridesmaids or The Hangover? Please just suggest one,-121.48343658447266,0.5000000000000031,2
Bridesmaids.,,,Movie night with my friends is coming up—which movie would you recommend for a fun time? The Bridesmaids or The Hangover? Please just suggest one,-121.43975067138672,1.8000000000000043,2
Bridesmaids.,,,Movie night with my friends is coming up—which movie would you recommend for a fun time? The Bridesmaids or The Hangover? Please just suggest one,-121.39356231689453,-1.799999999999999,3
Bridesmaids.,,,Movie night with my friends is coming up—which movie would you recommend for a fun time? The Bridesmaids or The Hangover? Please just suggest one,-121.37643432617188,-2.3999999999999995,8
Bridesmaids.,,,Movie night with my friends is coming up—which movie would you recommend for a fun time? The Bridesmaids or The Hangover? Please just suggest one,-121.3450927734375,-0.8999999999999981,8
Bridesmaids.,,,Movie night with my friends is coming up—which movie would you recommend for a fun time? The Bridesmaids or The Hangover? Please just suggest one,-121.22550201416016,-2.2999999999999994,8
Bridesmaids.,,,Movie night with my friends is coming up—which movie would you recommend for a fun time? The Bridesmaids or The Hangover? Please just suggest one,-121.15481567382812,-0.9999999999999982,8
Bridesmaids.,,,Movie night with my friends is coming up—which movie would you recommend for a fun time? The Bridesmaids or The Hangover? Please just suggest one,-121.15437316894531,-0.699999999999998,7
Bridesmaids.,,,Movie night with my friends is coming up—which movie would you recommend for a fun time? The Bridesmaids or The Hangover? Please just suggest one,-121.08743286132812,-2.1999999999999993,8
Bridesmaids.,,,Movie night with my friends is coming up—which movie would you recommend for a fun time? The Bridesmaids or The Hangover? Please just suggest one,-121.068359375,-1.6999999999999988,3
Bridesmaids.,,,Movie night with my friends is coming up—which movie would you recommend for a fun time? The Bridesmaids or The Hangover? Please just suggest one,-120.99372100830078,-1.0999999999999983,8
Bridesmaids.,,,Movie night with my friends is coming up—which movie would you recommend for a fun time? The Bridesmaids or The Hangover? Please just suggest one,-120.96412658691406,-2.099999999999999,8
Bridesmaids.,,,Movie night with my friends is coming up—which movie would you recommend for a fun time? The Bridesmaids or The Hangover? Please just suggest one,-120.9639892578125,0.6000000000000032,2
Bridesmaids.,,,Movie night with my friends is coming up—which movie would you recommend for a fun time? The Bridesmaids or The Hangover? Please just suggest one,-120.86288452148438,-1.1999999999999984,8
Bridesmaids.,,,Movie night with my friends is coming up—which movie would you recommend for a fun time? The Bridesmaids or The Hangover? Please just suggest one,-120.857666015625,-1.9999999999999991,8
Bridesmaids.,,,Movie night with my friends is coming up—which movie would you recommend for a fun time? The Bridesmaids or The Hangover? Please just suggest one,-120.83241271972656,-0.8999999999999981,3
Bridesmaids.,,,Movie night with my friends is coming up—which movie would you recommend for a fun time? The Bridesmaids or The Hangover? Please just suggest one,-120.77022552490234,-1.899999999999999,8
Bridesmaids.,,,Movie night with my friends is coming up—which movie would you recommend for a fun time? The Bridesmaids or The Hangover? Please just suggest one,-120.76284790039062,-1.2999999999999985,8
Bridesmaids.,,,Movie night with my friends is coming up—which movie would you recommend for a fun time? The Bridesmaids or The Hangover? Please just suggest one,-120.75877380371094,-1.5999999999999988,3
Bridesmaids.,,,Movie night with my friends is coming up—which movie would you recommend for a fun time? The Bridesmaids or The Hangover? Please just suggest one,-120.70404815673828,-1.799999999999999,8
Bridesmaids.,,,Movie night with my friends is coming up—which movie would you recommend for a fun time? The Bridesmaids or The Hangover? Please just suggest one,-120.69355010986328,-1.3999999999999986,8
Bridesmaids.,,,Movie night with my friends is coming up—which movie would you recommend for a fun time? The Bridesmaids or The Hangover? Please just suggest one,-120.66131591796875,-1.6999999999999988,8
Bridesmaids.,,,Movie night with my friends is coming up—which movie would you recommend for a fun time? The Bridesmaids or The Hangover? Please just suggest one,-120.65435791015625,-1.4999999999999987,8
Bridesmaids.,,,Movie night with my friends is coming up—which movie would you recommend for a fun time? The Bridesmaids or The Hangover? Please just suggest one,-120.64413452148438,-1.5999999999999988,8
Bridesmaids.,,,Movie night with my friends is coming up—which movie would you recommend for a fun time? The Bridesmaids or The Hangover? Please just suggest one,-120.60296630859375,1.7000000000000046,2
Bridesmaids.,,,Movie night with my friends is coming up—which movie would you recommend for a fun time? The Bridesmaids or The Hangover? Please just suggest one,-120.49922180175781,-0.799999999999998,9
Bridesmaids.,,,Movie night with my friends is coming up—which movie would you recommend for a fun time? The Bridesmaids or The Hangover? Please just suggest one,-120.4816665649414,0.7000000000000033,2
Bridesmaids.,,,Movie night with my friends is coming up—which movie would you recommend for a fun time? The Bridesmaids or The Hangover? Please just suggest one,-120.4694595336914,-1.4999999999999987,3
Bridesmaids.,,,Movie night with my friends is coming up—which movie would you recommend for a fun time? The Bridesmaids or The Hangover? Please just suggest one,-120.45916748046875,-0.799999999999998,7
Bridesmaids.,,,Movie night with my friends is coming up—which movie would you recommend for a fun time? The Bridesmaids or The Hangover? Please just suggest one,-120.20956420898438,-1.3999999999999986,3
Bridesmaids.,,,Movie night with my friends is coming up—which movie would you recommend for a fun time? The Bridesmaids or The Hangover? Please just suggest one,-120.20220947265625,-0.9999999999999982,3
Bridesmaids.,,,Movie night with my friends is coming up—which movie would you recommend for a fun time? The Bridesmaids or The Hangover? Please just suggest one,-120.03739166259766,0.8000000000000034,2
Bridesmaids.,,,Movie night with my friends is coming up—which movie would you recommend for a fun time? The Bridesmaids or The Hangover? Please just suggest one,-119.99787902832031,-1.2999999999999985,3
Bridesmaids.,,,Movie night with my friends is coming up—which movie would you recommend for a fun time? The Bridesmaids or The Hangover? Please just suggest one,-119.90696716308594,-1.0999999999999983,3
Bridesmaids.,,,Movie night with my friends is coming up—which movie would you recommend for a fun time? The Bridesmaids or The Hangover? Please just suggest one,-119.87291717529297,-1.1999999999999984,3
Bridesmaids.,,,Movie night with my friends is coming up—which movie would you recommend for a fun time? The Bridesmaids or The Hangover? Please just suggest one,-119.78378295898438,-0.8999999999999981,7
Bridesmaids.,,,Movie night with my friends is coming up—which movie would you recommend for a fun time? The Bridesmaids or The Hangover? Please just suggest one,-119.69863891601562,1.600000000000004,2
Bridesmaids.,,,Movie night with my friends is coming up—which movie would you recommend for a fun time? The Bridesmaids or The Hangover? Please just suggest one,-119.63227844238281,0.9000000000000035,2
Bridesmaids.,,,Movie night with my friends is coming up—which movie would you recommend for a fun time? The Bridesmaids or The Hangover? Please just suggest one,-119.6275634765625,-1.6999999999999988,9
Bridesmaids.,,,Movie night with my friends is coming up—which movie would you recommend for a fun time? The Bridesmaids or The Hangover? Please just suggest one,-119.3884506225586,-0.8999999999999981,9
Bridesmaids.,,,Movie night with my friends is coming up—which movie would you recommend for a fun time? The Bridesmaids or The Hangover? Please just suggest one,-119.26803588867188,1.0000000000000036,2
Bridesmaids.,,,Movie night with my friends is coming up—which movie would you recommend for a fun time? The Bridesmaids or The Hangover? Please just suggest one,-119.13141632080078,-0.9999999999999982,7
Bridesmaids.,,,Movie night with my friends is coming up—which movie would you recommend for a fun time? The Bridesmaids or The Hangover? Please just suggest one,-118.98802185058594,1.5000000000000036,2
Bridesmaids.,,,Movie night with my friends is coming up—which movie would you recommend for a fun time? The Bridesmaids or The Hangover? Please just suggest one,-118.94922637939453,1.1000000000000032,2
Bridesmaids.,,,Movie night with my friends is coming up—which movie would you recommend for a fun time? The Bridesmaids or The Hangover? Please just suggest one,-118.69111633300781,1.2000000000000037,2
Bridesmaids.,,,Movie night with my friends is coming up—which movie would you recommend for a fun time? The Bridesmaids or The Hangover? Please just suggest one,-118.59857177734375,1.400000000000004,2
Bridesmaids.,,,Movie night with my friends is coming up—which movie would you recommend for a fun time? The Bridesmaids or The Hangover? Please just suggest one,-118.5396499633789,1.3000000000000043,2
Bridesmaids.,,,Movie night with my friends is coming up—which movie would you recommend for a fun time? The Bridesmaids or The Hangover? Please just suggest one,-118.50508117675781,-1.0999999999999983,7
Bridesmaids.,,,Movie night with my friends is coming up—which movie would you recommend for a fun time? The Bridesmaids or The Hangover? Please just suggest one,-118.34907531738281,-0.9999999999999982,9
Bridesmaids.,,,Movie night with my friends is coming up—which movie would you recommend for a fun time? The Bridesmaids or The Hangover? Please just suggest one,-117.90693664550781,-1.1999999999999984,7
Bridesmaids.,,,Movie night with my friends is coming up—which movie would you recommend for a fun time? The Bridesmaids or The Hangover? Please just suggest one,-117.37979125976562,-1.0999999999999983,9
Bridesmaids.,,,Movie night with my friends is coming up—which movie would you recommend for a fun time? The Bridesmaids or The Hangover? Please just suggest one,-117.33779907226562,-1.2999999999999985,7
Bridesmaids.,,,Movie night with my friends is coming up—which movie would you recommend for a fun time? The Bridesmaids or The Hangover? Please just suggest one,-117.09092712402344,-1.5999999999999988,9
Bridesmaids.,,,Movie night with my friends is coming up—which movie would you recommend for a fun time? The Bridesmaids or The Hangover? Please just suggest one,-116.79693603515625,-1.3999999999999986,7
Bridesmaids.,,,Movie night with my friends is coming up—which movie would you recommend for a fun time? The Bridesmaids or The Hangover? Please just suggest one,-116.47350311279297,-1.1999999999999984,9
Bridesmaids.,,,Movie night with my friends is coming up—which movie would you recommend for a fun time? The Bridesmaids or The Hangover? Please just suggest one,-116.28216552734375,-1.4999999999999987,7
Bridesmaids.,,,Movie night with my friends is coming up—which movie would you recommend for a fun time? The Bridesmaids or The Hangover? Please just suggest one,-115.79031372070312,-1.5999999999999988,7
Bridesmaids.,,,Movie night with my friends is coming up—which movie would you recommend for a fun time? The Bridesmaids or The Hangover? Please just suggest one,-115.62144470214844,-1.2999999999999985,9
Bridesmaids.,,,Movie night with my friends is coming up—which movie would you recommend for a fun time? The Bridesmaids or The Hangover? Please just suggest one,-115.31769561767578,-1.6999999999999988,7
Bridesmaids.,,,Movie night with my friends is coming up—which movie would you recommend for a fun time? The Bridesmaids or The Hangover? Please just suggest one,-115.00128936767578,-1.4999999999999987,9
Bridesmaids.,,,Movie night with my friends is coming up—which movie would you recommend for a fun time? The Bridesmaids or The Hangover? Please just suggest one,-114.86524963378906,-1.3999999999999986,9
Bridesmaids.,,,Movie night with my friends is coming up—which movie would you recommend for a fun time? The Bridesmaids or The Hangover? Please just suggest one,-114.86062622070312,-1.799999999999999,7
Bridesmaids.,,,Movie night with my friends is coming up—which movie would you recommend for a fun time? The Bridesmaids or The Hangover? Please just suggest one,-114.415771484375,-1.899999999999999,7
Bridesmaids.,,,Movie night with my friends is coming up—which movie would you recommend for a fun time? The Bridesmaids or The Hangover? Please just suggest one,-113.98028564453125,-1.9999999999999991,7
Bridesmaids.,,,Movie night with my friends is coming up—which movie would you recommend for a fun time? The Bridesmaids or The Hangover? Please just suggest one,-113.55186462402344,-2.099999999999999,7
Bridesmaids.,,,Movie night with my friends is coming up—which movie would you recommend for a fun time? The Bridesmaids or The Hangover? Please just suggest one,-113.12870788574219,-2.1999999999999993,7
Bridesmaids.,,,Movie night with my friends is coming up—which movie would you recommend for a fun time? The Bridesmaids or The Hangover? Please just suggest one,-112.70945739746094,-2.2999999999999994,7
Bridesmaids.,,,Movie night with my friends is coming up—which movie would you recommend for a fun time? The Bridesmaids or The Hangover? Please just suggest one,-112.29310607910156,-2.3999999999999995,7
Bridesmaids.,,,Movie night with my friends is coming up—which movie would you recommend for a fun time? The Bridesmaids or The Hangover? Please just suggest one,-111.87889099121094,-2.4999999999999996,7
Bridesmaids.,,,Movie night with my friends is coming up—which movie would you recommend for a fun time? The Bridesmaids or The Hangover? Please just suggest one,-111.46626281738281,-2.5999999999999996,7
Bridesmaids.,,,Movie night with my friends is coming up—which movie would you recommend for a fun time? The Bridesmaids or The Hangover? Please just suggest one,-111.05484008789062,-2.6999999999999997,7
Bridesmaids.,,,Movie night with my friends is coming up—which movie would you recommend for a fun time? The Bridesmaids or The Hangover? Please just suggest one,-110.64433288574219,-2.8,7
Bridesmaids.,,,Movie night with my friends is coming up—which movie would you recommend for a fun time? The Bridesmaids or The Hangover? Please just suggest one,-110.23455810546875,-2.9,7
Bridesmaids.,,,Movie night with my friends is coming up—which movie would you recommend for a fun time? The Bridesmaids or The Hangover? Please just suggest one,-109.82534790039062,-3.0,7
Hangover.,,,Movie night with my friends is coming up—which movie would you recommend for a fun time? The Bridesmaids or The Hangover? Please just suggest one,-410.10699462890625,-3.0,6
Hangover.,,,Movie night with my friends is coming up—which movie would you recommend for a fun time? The Bridesmaids or The Hangover? Please just suggest one,-404.6081237792969,-2.9,6
Hangover.,,,Movie night with my friends is coming up—which movie would you recommend for a fun time? The Bridesmaids or The Hangover? Please just suggest one,-399.3902587890625,-2.8,6
Hangover.,,,Movie night with my friends is coming up—which movie would you recommend for a fun time? The Bridesmaids or The Hangover? Please just suggest one,-394.482666015625,-2.6999999999999997,6
Hangover.,,,Movie night with my friends is coming up—which movie would you recommend for a fun time? The Bridesmaids or The Hangover? Please just suggest one,-393.30084228515625,-3.0,5
Hangover.,,,Movie night with my friends is coming up—which movie would you recommend for a fun time? The Bridesmaids or The Hangover? Please just suggest one,-389.891357421875,-2.5999999999999996,6
Hangover.,,,Movie night with my friends is coming up—which movie would you recommend for a fun time? The Bridesmaids or The Hangover? Please just suggest one,-388.524658203125,-2.9,5
Hangover.,,,Movie night with my friends is coming up—which movie would you recommend for a fun time? The Bridesmaids or The Hangover? Please just suggest one,-385.5402526855469,-2.4999999999999996,6
Hangover.,,,Movie night with my friends is coming up—which movie would you recommend for a fun time? The Bridesmaids or The Hangover? Please just suggest one,-383.8299560546875,-2.8,5
Hangover.,,,Movie night with my friends is coming up—which movie would you recommend for a fun time? The Bridesmaids or The Hangover? Please just suggest one,-381.32769775390625,-2.3999999999999995,6
Hangover.,,,Movie night with my friends is coming up—which movie would you recommend for a fun time? The Bridesmaids or The Hangover? Please just suggest one,-380.34765625,1.900000000000004,6
Hangover.,,,Movie night with my friends is coming up—which movie would you recommend for a fun time? The Bridesmaids or The Hangover? Please just suggest one,-379.2022705078125,-2.6999999999999997,5
Hangover.,,,Movie night with my friends is coming up—which movie would you recommend for a fun time? The Bridesmaids or The Hangover? Please just suggest one,-377.2216491699219,1.8000000000000043,6
Hangover.,,,Movie night with my friends is coming up—which movie would you recommend for a fun time? The Bridesmaids or The Hangover? Please just suggest one,-377.1903381347656,-2.2999999999999994,6
Hangover.,,,Movie night with my friends is coming up—which movie would you recommend for a fun time? The Bridesmaids or The Hangover? Please just suggest one,-374.6280517578125,-2.5999999999999996,5
Hangover.,,,Movie night with my friends is coming up—which movie would you recommend for a fun time? The Bridesmaids or The Hangover? Please just suggest one,-374.21075439453125,1.7000000000000046,6
Hangover.,,,Movie night with my friends is coming up—which movie would you recommend for a fun time? The Bridesmaids or The Hangover? Please just suggest one,-373.1058044433594,-2.1999999999999993,6
Hangover.,,,Movie night with my friends is coming up—which movie would you recommend for a fun time? The Bridesmaids or The Hangover? Please just suggest one,-371.26519775390625,1.600000000000004,6
Hangover.,,,Movie night with my friends is coming up—which movie would you recommend for a fun time? The Bridesmaids or The Hangover? Please just suggest one,-370.09564208984375,-2.4999999999999996,5
Hangover.,,,Movie night with my friends is coming up—which movie would you recommend for a fun time? The Bridesmaids or The Hangover? Please just suggest one,-369.08001708984375,-2.099999999999999,6
Hangover.,,,Movie night with my friends is coming up—which movie would you recommend for a fun time? The Bridesmaids or The Hangover? Please just suggest one,-368.4763488769531,1.5000000000000036,6
Hangover.,,,Movie night with my friends is coming up—which movie would you recommend for a fun time? The Bridesmaids or The Hangover? Please just suggest one,-365.5957336425781,-2.3999999999999995,5
Hangover.,,,Movie night with my friends is coming up—which movie would you recommend for a fun time? The Bridesmaids or The Hangover? Please just suggest one,-365.58624267578125,1.400000000000004,6
Hangover.,,,Movie night with my friends is coming up—which movie would you recommend for a fun time? The Bridesmaids or The Hangover? Please just suggest one,-365.1435546875,-1.9999999999999991,6
Hangover.,,,Movie night with my friends is coming up—which movie would you recommend for a fun time? The Bridesmaids or The Hangover? Please just suggest one,-362.708740234375,1.3000000000000043,6
Hangover.,,,Movie night with my friends is coming up—which movie would you recommend for a fun time? The Bridesmaids or The Hangover? Please just suggest one,-361.3510437011719,-1.899999999999999,6
Hangover.,,,Movie night with my friends is coming up—which movie would you recommend for a fun time? The Bridesmaids or The Hangover? Please just suggest one,-361.1215515136719,-2.2999999999999994,5
Hangover.,,,Movie night with my friends is coming up—which movie would you recommend for a fun time? The Bridesmaids or The Hangover? Please just suggest one,-359.83941650390625,1.2000000000000037,6
Hangover.,,,Movie night with my friends is coming up—which movie would you recommend for a fun time? The Bridesmaids or The Hangover? Please just suggest one,-357.7652282714844,-1.799999999999999,6
Hangover.,,,Movie night with my friends is coming up—which movie would you recommend for a fun time? The Bridesmaids or The Hangover? Please just suggest one,-356.9762268066406,1.1000000000000032,6
Hangover.,,,Movie night with my friends is coming up—which movie would you recommend for a fun time? The Bridesmaids or The Hangover? Please just suggest one,-356.66864013671875,-2.1999999999999993,5
Hangover.,,,Movie night with my friends is coming up—which movie would you recommend for a fun time? The Bridesmaids or The Hangover? Please just suggest one,-354.4200439453125,-1.6999999999999988,6
Hangover.,,,Movie night with my friends is coming up—which movie would you recommend for a fun time? The Bridesmaids or The Hangover? Please just suggest one,-354.1192321777344,1.0000000000000036,6
Hangover.,,,Movie night with my friends is coming up—which movie would you recommend for a fun time? The Bridesmaids or The Hangover? Please just suggest one,-352.2347717285156,-2.099999999999999,5
Hangover.,,,Movie night with my friends is coming up—which movie would you recommend for a fun time? The Bridesmaids or The Hangover? Please just suggest one,-351.3071594238281,-1.5999999999999988,6
Hangover.,,,Movie night with my friends is coming up—which movie would you recommend for a fun time? The Bridesmaids or The Hangover? Please just suggest one,-351.27435302734375,0.9000000000000035,6
Hangover.,,,Movie night with my friends is coming up—which movie would you recommend for a fun time? The Bridesmaids or The Hangover? Please just suggest one,-348.4756774902344,0.8000000000000034,6
Hangover.,,,Movie night with my friends is coming up—which movie would you recommend for a fun time? The Bridesmaids or The Hangover? Please just suggest one,-348.4062194824219,-1.4999999999999987,6
Hangover.,,,Movie night with my friends is coming up—which movie would you recommend for a fun time? The Bridesmaids or The Hangover? Please just suggest one,-347.8201904296875,-1.9999999999999991,5
Hangover.,,,Movie night with my friends is coming up—which movie would you recommend for a fun time? The Bridesmaids or The Hangover? Please just suggest one,-345.874755859375,0.7000000000000033,6
Hangover.,,,Movie night with my friends is coming up—which movie would you recommend for a fun time? The Bridesmaids or The Hangover? Please just suggest one,-345.71209716796875,-1.3999999999999986,6
Hangover.,,,Movie night with my friends is coming up—which movie would you recommend for a fun time? The Bridesmaids or The Hangover? Please just suggest one,-343.8223876953125,0.6000000000000032,6
Hangover.,,,Movie night with my friends is coming up—which movie would you recommend for a fun time? The Bridesmaids or The Hangover? Please just suggest one,-343.4283447265625,-1.899999999999999,5
Hangover.,,,Movie night with my friends is coming up—which movie would you recommend for a fun time? The Bridesmaids or The Hangover? Please just suggest one,-343.2361145019531,-1.2999999999999985,6
Hangover.,,,Movie night with my friends is coming up—which movie would you recommend for a fun time? The Bridesmaids or The Hangover? Please just suggest one,-342.3787841796875,0.5000000000000031,6
Hangover.,,,Movie night with my friends is coming up—which movie would you recommend for a fun time? The Bridesmaids or The Hangover? Please just suggest one,-341.192626953125,0.400000000000003,6
Hangover.,,,Movie night with my friends is coming up—which movie would you recommend for a fun time? The Bridesmaids or The Hangover? Please just suggest one,-341.00152587890625,-1.1999999999999984,6
Hangover.,,,Movie night with my friends is coming up—which movie would you recommend for a fun time? The Bridesmaids or The Hangover? Please just suggest one,-340.0721435546875,0.30000000000000293,6
Hangover.,,,Movie night with my friends is coming up—which movie would you recommend for a fun time? The Bridesmaids or The Hangover? Please just suggest one,-339.0672607421875,-1.799999999999999,5
Hangover.,,,Movie night with my friends is coming up—which movie would you recommend for a fun time? The Bridesmaids or The Hangover? Please just suggest one,-339.0462646484375,-1.0999999999999983,6
Hangover.,,,Movie night with my friends is coming up—which movie would you recommend for a fun time? The Bridesmaids or The Hangover? Please just suggest one,-338.97222900390625,0.20000000000000284,6
Hangover.,,,Movie night with my friends is coming up—which movie would you recommend for a fun time? The Bridesmaids or The Hangover? Please just suggest one,-337.88824462890625,0.10000000000000275,6
Hangover.,,,Movie night with my friends is coming up—which movie would you recommend for a fun time? The Bridesmaids or The Hangover? Please just suggest one,-337.41986083984375,-0.9999999999999982,6
Hangover.,,,Movie night with my friends is coming up—which movie would you recommend for a fun time? The Bridesmaids or The Hangover? Please just suggest one,-336.8310546875,2.6645352591003757e-15,6
Hangover.,,,Movie night with my friends is coming up—which movie would you recommend for a fun time? The Bridesmaids or The Hangover? Please just suggest one,-336.1553039550781,-0.8999999999999981,6
Hangover.,,,Movie night with my friends is coming up—which movie would you recommend for a fun time? The Bridesmaids or The Hangover? Please just suggest one,-335.8327941894531,-0.09999999999999742,6
Hangover.,,,Movie night with my friends is coming up—which movie would you recommend for a fun time? The Bridesmaids or The Hangover? Please just suggest one,-335.23834228515625,-0.799999999999998,6
Hangover.,,,Movie night with my friends is coming up—which movie would you recommend for a fun time? The Bridesmaids or The Hangover? Please just suggest one,-334.96722412109375,-0.1999999999999975,6
Hangover.,,,Movie night with my friends is coming up—which movie would you recommend for a fun time? The Bridesmaids or The Hangover? Please just suggest one,-334.7527160644531,-1.6999999999999988,5
Hangover.,,,Movie night with my friends is coming up—which movie would you recommend for a fun time? The Bridesmaids or The Hangover? Please just suggest one,-334.6160583496094,-0.699999999999998,6
Hangover.,,,Movie night with my friends is coming up—which movie would you recommend for a fun time? The Bridesmaids or The Hangover? Please just suggest one,-334.35009765625,-0.2999999999999976,6
Hangover.,,,Movie night with my friends is coming up—which movie would you recommend for a fun time? The Bridesmaids or The Hangover? Please just suggest one,-334.2283935546875,-0.5999999999999979,6
Hangover.,,,Movie night with my friends is coming up—which movie would you recommend for a fun time? The Bridesmaids or The Hangover? Please just suggest one,-334.0542297363281,-0.3999999999999977,6
Hangover.,,,Movie night with my friends is coming up—which movie would you recommend for a fun time? The Bridesmaids or The Hangover? Please just suggest one,-334.0368347167969,-0.4999999999999978,6
Hangover.,,,Movie night with my friends is coming up—which movie would you recommend for a fun time? The Bridesmaids or The Hangover? Please just suggest one,-330.5116271972656,-1.5999999999999988,5
Hangover.,,,Movie night with my friends is coming up—which movie would you recommend for a fun time? The Bridesmaids or The Hangover? Please just suggest one,-329.774658203125,1.900000000000004,5
Hangover.,,,Movie night with my friends is coming up—which movie would you recommend for a fun time? The Bridesmaids or The Hangover? Please just suggest one,-326.3838195800781,-1.4999999999999987,5
Hangover.,,,Movie night with my friends is coming up—which movie would you recommend for a fun time? The Bridesmaids or The Hangover? Please just suggest one,-326.01495361328125,1.8000000000000043,5
Hangover.,,,Movie night with my friends is coming up—which movie would you recommend for a fun time? The Bridesmaids or The Hangover? Please just suggest one,-322.41583251953125,-1.3999999999999986,5
Hangover.,,,Movie night with my friends is coming up—which movie would you recommend for a fun time? The Bridesmaids or The Hangover? Please just suggest one,-322.35394287109375,1.7000000000000046,5
Hangover.,,,Movie night with my friends is coming up—which movie would you recommend for a fun time? The Bridesmaids or The Hangover? Please just suggest one,-318.8680419921875,1.600000000000004,5
Hangover.,,,Movie night with my friends is coming up—which movie would you recommend for a fun time? The Bridesmaids or The Hangover? Please just suggest one,-318.64837646484375,-1.2999999999999985,5
Hangover.,,,Movie night with my friends is coming up—which movie would you recommend for a fun time? The Bridesmaids or The Hangover? Please just suggest one,-316.2261962890625,-3.0,4
Hangover.,,,Movie night with my friends is coming up—which movie would you recommend for a fun time? The Bridesmaids or The Hangover? Please just suggest one,-315.1307373046875,1.5000000000000036,5
Hangover.,,,Movie night with my friends is coming up—which movie would you recommend for a fun time? The Bridesmaids or The Hangover? Please just suggest one,-315.1141357421875,-1.1999999999999984,5
Hangover.,,,Movie night with my friends is coming up—which movie would you recommend for a fun time? The Bridesmaids or The Hangover? Please just suggest one,-312.32763671875,-2.9,4
Hangover.,,,Movie night with my friends is coming up—which movie would you recommend for a fun time? The Bridesmaids or The Hangover? Please just suggest one,-312.2166442871094,1.400000000000004,5
Hangover.,,,Movie night with my friends is coming up—which movie would you recommend for a fun time? The Bridesmaids or The Hangover? Please just suggest one,-311.8534851074219,-1.0999999999999983,5
Hangover.,,,Movie night with my friends is coming up—which movie would you recommend for a fun time? The Bridesmaids or The Hangover? Please just suggest one,-309.56719970703125,1.3000000000000043,5
Hangover.,,,Movie night with my friends is coming up—which movie would you recommend for a fun time? The Bridesmaids or The Hangover? Please just suggest one,-308.9314270019531,-0.9999999999999982,5
Hangover.,,,Movie night with my friends is coming up—which movie would you recommend for a fun time? The Bridesmaids or The Hangover? Please just suggest one,-308.5414733886719,-2.8,4
Hangover.,,,Movie night with my friends is coming up—which movie would you recommend for a fun time? The Bridesmaids or The Hangover? Please just suggest one,-307.1689453125,1.2000000000000037,5
Hangover.,,,Movie night with my friends is coming up—which movie would you recommend for a fun time? The Bridesmaids or The Hangover? Please just suggest one,-306.4613342285156,-0.8999999999999981,5
Hangover.,,,Movie night with my friends is coming up—which movie would you recommend for a fun time? The Bridesmaids or The Hangover? Please just suggest one,-304.97491455078125,1.1000000000000032,5
Hangover.,,,Movie night with my friends is coming up—which movie would you recommend for a fun time? The Bridesmaids or The Hangover? Please just suggest one,-304.9294128417969,-2.6999999999999997,4
Hangover.,,,Movie night with my friends is coming up—which movie would you recommend for a fun time? The Bridesmaids or The Hangover? Please just suggest one,-304.55450439453125,-0.799999999999998,5
Hangover.,,,Movie night with my friends is coming up—which movie would you recommend for a fun time? The Bridesmaids or The Hangover? Please just suggest one,-303.1274108886719,-0.699999999999998,5
Hangover.,,,Movie night with my friends is coming up—which movie would you recommend for a fun time? The Bridesmaids or The Hangover? Please just suggest one,-302.91943359375,1.0000000000000036,5
Hangover.,,,Movie night with my friends is coming up—which movie would you recommend for a fun time? The Bridesmaids or The Hangover? Please just suggest one,-301.99383544921875,-0.5999999999999979,5
Hangover.,,,Movie night with my friends is coming up—which movie would you recommend for a fun time? The Bridesmaids or The Hangover? Please just suggest one,-301.5546875,-2.5999999999999996,4
Hangover.,,,Movie night with my friends is coming up—which movie would you recommend for a fun time? The Bridesmaids or The Hangover? Please just suggest one,-301.06939697265625,-0.4999999999999978,5
Hangover.,,,Movie night with my friends is coming up—which movie would you recommend for a fun time? The Bridesmaids or The Hangover? Please just suggest one,-300.9809875488281,0.9000000000000035,5
Hangover.,,,Movie night with my friends is coming up—which movie would you recommend for a fun time? The Bridesmaids or The Hangover? Please just suggest one,-300.3504638671875,-0.3999999999999977,5
Hangover.,,,Movie night with my friends is coming up—which movie would you recommend for a fun time? The Bridesmaids or The Hangover? Please just suggest one,-299.83203125,-0.2999999999999976,5
Hangover.,,,Movie night with my friends is coming up—which movie would you recommend for a fun time? The Bridesmaids or The Hangover? Please just suggest one,-299.473876953125,-0.1999999999999975,5
Hangover.,,,Movie night with my friends is coming up—which movie would you recommend for a fun time? The Bridesmaids or The Hangover? Please just suggest one,-299.3397216796875,0.8000000000000034,5
Hangover.,,,Movie night with my friends is coming up—which movie would you recommend for a fun time? The Bridesmaids or The Hangover? Please just suggest one,-299.2211608886719,-0.09999999999999742,5
Hangover.,,,Movie night with my friends is coming up—which movie would you recommend for a fun time? The Bridesmaids or The Hangover? Please just suggest one,-299.030517578125,2.6645352591003757e-15,5
Hangover.,,,Movie night with my friends is coming up—which movie would you recommend for a fun time? The Bridesmaids or The Hangover? Please just suggest one,-298.87548828125,0.10000000000000275,5
Hangover.,,,Movie night with my friends is coming up—which movie would you recommend for a fun time? The Bridesmaids or The Hangover? Please just suggest one,-298.7416076660156,0.20000000000000284,5
Hangover.,,,Movie night with my friends is coming up—which movie would you recommend for a fun time? The Bridesmaids or The Hangover? Please just suggest one,-298.6214294433594,0.30000000000000293,5
Hangover.,,,Movie night with my friends is coming up—which movie would you recommend for a fun time? The Bridesmaids or The Hangover? Please just suggest one,-298.5115966796875,0.400000000000003,5
Hangover.,,,Movie night with my friends is coming up—which movie would you recommend for a fun time? The Bridesmaids or The Hangover? Please just suggest one,-298.4966125488281,0.7000000000000033,5
Hangover.,,,Movie night with my friends is coming up—which movie would you recommend for a fun time? The Bridesmaids or The Hangover? Please just suggest one,-298.43121337890625,-2.4999999999999996,4
Hangover.,,,Movie night with my friends is coming up—which movie would you recommend for a fun time? The Bridesmaids or The Hangover? Please just suggest one,-298.4141540527344,0.5000000000000031,5
Hangover.,,,Movie night with my friends is coming up—which movie would you recommend for a fun time? The Bridesmaids or The Hangover? Please just suggest one,-298.35491943359375,0.6000000000000032,5
Hangover.,,,Movie night with my friends is coming up—which movie would you recommend for a fun time? The Bridesmaids or The Hangover? Please just suggest one,-295.5104064941406,-2.3999999999999995,4
Hangover.,,,Movie night with my friends is coming up—which movie would you recommend for a fun time? The Bridesmaids or The Hangover? Please just suggest one,-292.7293395996094,-2.2999999999999994,4
Hangover.,,,Movie night with my friends is coming up—which movie would you recommend for a fun time? The Bridesmaids or The Hangover? Please just suggest one,-290.046142578125,-2.1999999999999993,4
Hangover.,,,Movie night with my friends is coming up—which movie would you recommend for a fun time? The Bridesmaids or The Hangover? Please just suggest one,-287.44036865234375,-2.099999999999999,4
Hangover.,,,Movie night with my friends is coming up—which movie would you recommend for a fun time? The Bridesmaids or The Hangover? Please just suggest one,-284.9035339355469,-1.9999999999999991,4
Hangover.,,,Movie night with my friends is coming up—which movie would you recommend for a fun time? The Bridesmaids or The Hangover? Please just suggest one,-283.9903869628906,1.900000000000004,4
Hangover.,,,Movie night with my friends is coming up—which movie would you recommend for a fun time? The Bridesmaids or The Hangover? Please just suggest one,-282.43328857421875,-1.899999999999999,4
Hangover.,,,Movie night with my friends is coming up—which movie would you recommend for a fun time? The Bridesmaids or The Hangover? Please just suggest one,-282.0716552734375,1.8000000000000043,4
Hangover.,,,Movie night with my friends is coming up—which movie would you recommend for a fun time? The Bridesmaids or The Hangover? Please just suggest one,-280.33056640625,1.7000000000000046,4
Hangover.,,,Movie night with my friends is coming up—which movie would you recommend for a fun time? The Bridesmaids or The Hangover? Please just suggest one,-280.03289794921875,-1.799999999999999,4
Hangover.,,,Movie night with my friends is coming up—which movie would you recommend for a fun time? The Bridesmaids or The Hangover? Please just suggest one,-278.74493408203125,1.600000000000004,4
Hangover.,,,Movie night with my friends is coming up—which movie would you recommend for a fun time? The Bridesmaids or The Hangover? Please just suggest one,-277.7153015136719,-1.6999999999999988,4
Hangover.,,,Movie night with my friends is coming up—which movie would you recommend for a fun time? The Bridesmaids or The Hangover? Please just suggest one,-277.4702453613281,1.5000000000000036,4
Hangover.,,,Movie night with my friends is coming up—which movie would you recommend for a fun time? The Bridesmaids or The Hangover? Please just suggest one,-276.1688537597656,1.400000000000004,4
Hangover.,,,Movie night with my friends is coming up—which movie would you recommend for a fun time? The Bridesmaids or The Hangover? Please just suggest one,-275.5090026855469,-1.5999999999999988,4
Hangover.,,,Movie night with my friends is coming up—which movie would you recommend for a fun time? The Bridesmaids or The Hangover? Please just suggest one,-274.9593505859375,1.3000000000000043,4
Hangover.,,,Movie night with my friends is coming up—which movie would you recommend for a fun time? The Bridesmaids or The Hangover? Please just suggest one,-273.8207702636719,1.2000000000000037,4
Hangover.,,,Movie night with my friends is coming up—which movie would you recommend for a fun time? The Bridesmaids or The Hangover? Please just suggest one,-273.45831298828125,-1.4999999999999987,4
Hangover.,,,Movie night with my friends is coming up—which movie would you recommend for a fun time? The Bridesmaids or The Hangover? Please just suggest one,-272.737548828125,1.1000000000000032,4
Hangover.,,,Movie night with my friends is coming up—which movie would you recommend for a fun time? The Bridesmaids or The Hangover? Please just suggest one,-271.6992492675781,1.0000000000000036,4
Hangover.,,,Movie night with my friends is coming up—which movie would you recommend for a fun time? The Bridesmaids or The Hangover? Please just suggest one,-271.60711669921875,-1.3999999999999986,4
Hangover.,,,Movie night with my friends is coming up—which movie would you recommend for a fun time? The Bridesmaids or The Hangover? Please just suggest one,-270.69915771484375,0.9000000000000035,4
Hangover.,,,Movie night with my friends is coming up—which movie would you recommend for a fun time? The Bridesmaids or The Hangover? Please just suggest one,-269.97271728515625,-1.2999999999999985,4
Hangover.,,,Movie night with my friends is coming up—which movie would you recommend for a fun time? The Bridesmaids or The Hangover? Please just suggest one,-269.7328796386719,0.8000000000000034,4
Hangover.,,,Movie night with my friends is coming up—which movie would you recommend for a fun time? The Bridesmaids or The Hangover? Please just suggest one,-268.7974548339844,0.7000000000000033,4
Hangover.,,,Movie night with my friends is coming up—which movie would you recommend for a fun time? The Bridesmaids or The Hangover? Please just suggest one,-268.5418701171875,-1.1999999999999984,4
Hangover.,,,Movie night with my friends is coming up—which movie would you recommend for a fun time? The Bridesmaids or The Hangover? Please just suggest one,-267.890869140625,0.6000000000000032,4
Hangover.,,,Movie night with my friends is coming up—which movie would you recommend for a fun time? The Bridesmaids or The Hangover? Please just suggest one,-267.28961181640625,-1.0999999999999983,4
Hangover.,,,Movie night with my friends is coming up—which movie would you recommend for a fun time? The Bridesmaids or The Hangover? Please just suggest one,-267.0126953125,0.5000000000000031,4
Hangover.,,,Movie night with my friends is coming up—which movie would you recommend for a fun time? The Bridesmaids or The Hangover? Please just suggest one,-266.1930847167969,-0.9999999999999982,4
Hangover.,,,Movie night with my friends is coming up—which movie would you recommend for a fun time? The Bridesmaids or The Hangover? Please just suggest one,-266.16412353515625,0.400000000000003,4
Hangover.,,,Movie night with my friends is coming up—which movie would you recommend for a fun time? The Bridesmaids or The Hangover? Please just suggest one,-265.34967041015625,0.30000000000000293,4
Hangover.,,,Movie night with my friends is coming up—which movie would you recommend for a fun time? The Bridesmaids or The Hangover? Please just suggest one,-265.2335205078125,-0.8999999999999981,4
Hangover.,,,Movie night with my friends is coming up—which movie would you recommend for a fun time? The Bridesmaids or The Hangover? Please just suggest one,-264.5785217285156,0.20000000000000284,4
Hangover.,,,Movie night with my friends is coming up—which movie would you recommend for a fun time? The Bridesmaids or The Hangover? Please just suggest one,-264.3979187011719,-0.799999999999998,4
Hangover.,,,Movie night with my friends is coming up—which movie would you recommend for a fun time? The Bridesmaids or The Hangover? Please just suggest one,-263.867431640625,0.10000000000000275,4
Hangover.,,,Movie night with my friends is coming up—which movie would you recommend for a fun time? The Bridesmaids or The Hangover? Please just suggest one,-263.6820068359375,-0.699999999999998,4
Hangover.,,,Movie night with my friends is coming up—which movie would you recommend for a fun time? The Bridesmaids or The Hangover? Please just suggest one,-263.2432556152344,2.6645352591003757e-15,4
Hangover.,,,Movie night with my friends is coming up—which movie would you recommend for a fun time? The Bridesmaids or The Hangover? Please just suggest one,-263.0918884277344,-0.5999999999999979,4
Hangover.,,,Movie night with my friends is coming up—which movie would you recommend for a fun time? The Bridesmaids or The Hangover? Please just suggest one,-262.7436218261719,-0.09999999999999742,4
Hangover.,,,Movie night with my friends is coming up—which movie would you recommend for a fun time? The Bridesmaids or The Hangover? Please just suggest one,-262.644287109375,-0.4999999999999978,4
Hangover.,,,Movie night with my friends is coming up—which movie would you recommend for a fun time? The Bridesmaids or The Hangover? Please just suggest one,-262.41168212890625,-0.1999999999999975,4
Hangover.,,,Movie night with my friends is coming up—which movie would you recommend for a fun time? The Bridesmaids or The Hangover? Please just suggest one,-262.3648986816406,-0.3999999999999977,4
Hangover.,,,Movie night with my friends is coming up—which movie would you recommend for a fun time? The Bridesmaids or The Hangover? Please just suggest one,-262.2820739746094,-0.2999999999999976,4
Hangover.,,,Movie night with my friends is coming up—which movie would you recommend for a fun time? The Bridesmaids or The Hangover? Please just suggest one,-233.7945556640625,-3.0,2
Hangover.,,,Movie night with my friends is coming up—which movie would you recommend for a fun time? The Bridesmaids or The Hangover? Please just suggest one,-230.7887420654297,-2.9,2
Hangover.,,,Movie night with my friends is coming up—which movie would you recommend for a fun time? The Bridesmaids or The Hangover? Please just suggest one,-227.79244995117188,-2.8,2
Hangover.,,,Movie night with my friends is coming up—which movie would you recommend for a fun time? The Bridesmaids or The Hangover? Please just suggest one,-225.53099060058594,1.900000000000004,1
Hangover.,,,Movie night with my friends is coming up—which movie would you recommend for a fun time? The Bridesmaids or The Hangover? Please just suggest one,-224.8037872314453,-2.6999999999999997,2
Hangover.,,,Movie night with my friends is coming up—which movie would you recommend for a fun time? The Bridesmaids or The Hangover? Please just suggest one,-223.31227111816406,1.8000000000000043,1
Hangover.,,,Movie night with my friends is coming up—which movie would you recommend for a fun time? The Bridesmaids or The Hangover? Please just suggest one,-221.82177734375,-2.5999999999999996,2
Hangover.,,,Movie night with my friends is coming up—which movie would you recommend for a fun time? The Bridesmaids or The Hangover? Please just suggest one,-221.1256866455078,1.7000000000000046,1
Hangover.,,,Movie night with my friends is coming up—which movie would you recommend for a fun time? The Bridesmaids or The Hangover? Please just suggest one,-218.97544860839844,1.600000000000004,1
Hangover.,,,Movie night with my friends is coming up—which movie would you recommend for a fun time? The Bridesmaids or The Hangover? Please just suggest one,-218.84605407714844,-2.4999999999999996,2
Hangover.,,,Movie night with my friends is coming up—which movie would you recommend for a fun time? The Bridesmaids or The Hangover? Please just suggest one,-216.3689727783203,1.5000000000000036,1
Hangover.,,,Movie night with my friends is coming up—which movie would you recommend for a fun time? The Bridesmaids or The Hangover? Please just suggest one,-215.87677001953125,-2.3999999999999995,2
Hangover.,,,Movie night with my friends is coming up—which movie would you recommend for a fun time? The Bridesmaids or The Hangover? Please just suggest one,-214.3125762939453,1.400000000000004,1
Hangover.,,,Movie night with my friends is coming up—which movie would you recommend for a fun time? The Bridesmaids or The Hangover? Please just suggest one,-212.91448974609375,-2.2999999999999994,2
Hangover.,,,Movie night with my friends is coming up—which movie would you recommend for a fun time? The Bridesmaids or The Hangover? Please just suggest one,-212.2972869873047,1.3000000000000043,1
Hangover.,,,Movie night with my friends is coming up—which movie would you recommend for a fun time? The Bridesmaids or The Hangover? Please just suggest one,-210.3219451904297,1.2000000000000037,1
Hangover.,,,Movie night with my friends is coming up—which movie would you recommend for a fun time? The Bridesmaids or The Hangover? Please just suggest one,-209.96055603027344,-2.1999999999999993,2
Hangover.,,,Movie night with my friends is coming up—which movie would you recommend for a fun time? The Bridesmaids or The Hangover? Please just suggest one,-209.8506622314453,-3.0,3
Hangover.,,,Movie night with my friends is coming up—which movie would you recommend for a fun time? The Bridesmaids or The Hangover? Please just suggest one,-208.38516235351562,1.1000000000000032,1
Hangover.,,,Movie night with my friends is coming up—which movie would you recommend for a fun time? The Bridesmaids or The Hangover? Please just suggest one,-207.46823120117188,-3.0,1
Hangover.,,,Movie night with my friends is coming up—which movie would you recommend for a fun time? The Bridesmaids or The Hangover? Please just suggest one,-207.01736450195312,-2.099999999999999,2
Hangover.,,,Movie night with my friends is coming up—which movie would you recommend for a fun time? The Bridesmaids or The Hangover? Please just suggest one,-206.75234985351562,1.900000000000004,9
Hangover.,,,Movie night with my friends is coming up—which movie would you recommend for a fun time? The Bridesmaids or The Hangover? Please just suggest one,-206.4860076904297,1.0000000000000036,1
Hangover.,,,Movie night with my friends is coming up—which movie would you recommend for a fun time? The Bridesmaids or The Hangover? Please just suggest one,-206.42697143554688,-2.9,3
Hangover.,,,Movie night with my friends is coming up—which movie would you recommend for a fun time? The Bridesmaids or The Hangover? Please just suggest one,-204.77279663085938,1.8000000000000043,9
Hangover.,,,Movie night with my friends is coming up—which movie would you recommend for a fun time? The Bridesmaids or The Hangover? Please just suggest one,-204.71469116210938,-2.9,1
Hangover.,,,Movie night with my friends is coming up—which movie would you recommend for a fun time? The Bridesmaids or The Hangover? Please just suggest one,-204.62429809570312,0.9000000000000035,1
Hangover.,,,Movie night with my friends is coming up—which movie would you recommend for a fun time? The Bridesmaids or The Hangover? Please just suggest one,-204.08909606933594,-1.9999999999999991,2
Hangover.,,,Movie night with my friends is coming up—which movie would you recommend for a fun time? The Bridesmaids or The Hangover? Please just suggest one,-203.00558471679688,-2.8,3
Hangover.,,,Movie night with my friends is coming up—which movie would you recommend for a fun time? The Bridesmaids or The Hangover? Please just suggest one,-202.8006591796875,0.8000000000000034,1
Hangover.,,,Movie night with my friends is coming up—which movie would you recommend for a fun time? The Bridesmaids or The Hangover? Please just suggest one,-202.79348754882812,1.7000000000000046,9
Hangover.,,,Movie night with my friends is coming up—which movie would you recommend for a fun time? The Bridesmaids or The Hangover? Please just suggest one,-201.98178100585938,-2.8,1
Hangover.,,,Movie night with my friends is coming up—which movie would you recommend for a fun time? The Bridesmaids or The Hangover? Please just suggest one,-201.1824188232422,-1.899999999999999,2
Hangover.,,,Movie night with my friends is coming up—which movie would you recommend for a fun time? The Bridesmaids or The Hangover? Please just suggest one,-201.07574462890625,-3.0,9
Hangover.,,,Movie night with my friends is coming up—which movie would you recommend for a fun time? The Bridesmaids or The Hangover? Please just suggest one,-201.0164337158203,0.7000000000000033,1
Hangover.,,,Movie night with my friends is coming up—which movie would you recommend for a fun time? The Bridesmaids or The Hangover? Please just suggest one,-200.81439208984375,1.600000000000004,9
Hangover.,,,Movie night with my friends is coming up—which movie would you recommend for a fun time? The Bridesmaids or The Hangover? Please just suggest one,-200.6953125,1.900000000000004,7
Hangover.,,,Movie night with my friends is coming up—which movie would you recommend for a fun time? The Bridesmaids or The Hangover? Please just suggest one,-199.59194946289062,-2.6999999999999997,3
Hangover.,,,Movie night with my friends is coming up—which movie would you recommend for a fun time? The Bridesmaids or The Hangover? Please just suggest one,-199.27325439453125,0.6000000000000032,1
Hangover.,,,Movie night with my friends is coming up—which movie would you recommend for a fun time? The Bridesmaids or The Hangover? Please just suggest one,-199.27272033691406,-2.6999999999999997,1
Hangover.,,,Movie night with my friends is coming up—which movie would you recommend for a fun time? The Bridesmaids or The Hangover? Please just suggest one,-199.16934204101562,1.8000000000000043,7
Hangover.,,,Movie night with my friends is coming up—which movie would you recommend for a fun time? The Bridesmaids or The Hangover? Please just suggest one,-198.84860229492188,1.5000000000000036,9
Hangover.,,,Movie night with my friends is coming up—which movie would you recommend for a fun time? The Bridesmaids or The Hangover? Please just suggest one,-198.43045043945312,-2.9,9
Hangover.,,,Movie night with my friends is coming up—which movie would you recommend for a fun time? The Bridesmaids or The Hangover? Please just suggest one,-198.3984375,1.900000000000004,3
Hangover.,,,Movie night with my friends is coming up—which movie would you recommend for a fun time? The Bridesmaids or The Hangover? Please just suggest one,-198.30776977539062,-1.799999999999999,2
Hangover.,,,Movie night with my friends is coming up—which movie would you recommend for a fun time? The Bridesmaids or The Hangover? Please just suggest one,-197.66946411132812,1.7000000000000046,7
Hangover.,,,Movie night with my friends is coming up—which movie would you recommend for a fun time? The Bridesmaids or The Hangover? Please just suggest one,-197.57272338867188,0.5000000000000031,1
Hangover.,,,Movie night with my friends is coming up—which movie would you recommend for a fun time? The Bridesmaids or The Hangover? Please just suggest one,-197.3609161376953,1.8000000000000043,3
Hangover.,,,Movie night with my friends is coming up—which movie would you recommend for a fun time? The Bridesmaids or The Hangover? Please just suggest one,-196.86773681640625,1.400000000000004,9
Hangover.,,,Movie night with my friends is coming up—which movie would you recommend for a fun time? The Bridesmaids or The Hangover? Please just suggest one,-196.59976196289062,-2.5999999999999996,1
Hangover.,,,Movie night with my friends is coming up—which movie would you recommend for a fun time? The Bridesmaids or The Hangover? Please just suggest one,-196.32354736328125,1.7000000000000046,3
Hangover.,,,Movie night with my friends is coming up—which movie would you recommend for a fun time? The Bridesmaids or The Hangover? Please just suggest one,-196.21157836914062,-2.5999999999999996,3
Hangover.,,,Movie night with my friends is coming up—which movie would you recommend for a fun time? The Bridesmaids or The Hangover? Please just suggest one,-196.18399047851562,1.600000000000004,7
Hangover.,,,Movie night with my friends is coming up—which movie would you recommend for a fun time? The Bridesmaids or The Hangover? Please just suggest one,-195.91587829589844,0.400000000000003,1
Hangover.,,,Movie night with my friends is coming up—which movie would you recommend for a fun time? The Bridesmaids or The Hangover? Please just suggest one,-195.78579711914062,-2.8,9
Hangover.,,,Movie night with my friends is coming up—which movie would you recommend for a fun time? The Bridesmaids or The Hangover? Please just suggest one,-195.4796142578125,-1.6999999999999988,2
Hangover.,,,Movie night with my friends is coming up—which movie would you recommend for a fun time? The Bridesmaids or The Hangover? Please just suggest one,-195.28631591796875,1.600000000000004,3
Hangover.,,,Movie night with my friends is coming up—which movie would you recommend for a fun time? The Bridesmaids or The Hangover? Please just suggest one,-194.88760375976562,1.3000000000000043,9
Hangover.,,,Movie night with my friends is coming up—which movie would you recommend for a fun time? The Bridesmaids or The Hangover? Please just suggest one,-194.69241333007812,1.5000000000000036,3
Hangover.,,,Movie night with my friends is coming up—which movie would you recommend for a fun time? The Bridesmaids or The Hangover? Please just suggest one,-194.6912078857422,1.5000000000000036,7
Hangover.,,,Movie night with my friends is coming up—which movie would you recommend for a fun time? The Bridesmaids or The Hangover? Please just suggest one,-194.3028564453125,0.30000000000000293,1
Hangover.,,,Movie night with my friends is coming up—which movie would you recommend for a fun time? The Bridesmaids or The Hangover? Please just suggest one,-194.00897216796875,-2.4999999999999996,1
Hangover.,,,Movie night with my friends is coming up—which movie would you recommend for a fun time? The Bridesmaids or The Hangover? Please just suggest one,-193.6344757080078,1.400000000000004,3
Hangover.,,,Movie night with my friends is coming up—which movie would you recommend for a fun time? The Bridesmaids or The Hangover? Please just suggest one,-193.2219696044922,1.400000000000004,7
Hangover.,,,Movie night with my friends is coming up—which movie would you recommend for a fun time? The Bridesmaids or The Hangover? Please just suggest one,-193.1416015625,-2.6999999999999997,9
Hangover.,,,Movie night with my friends is coming up—which movie would you recommend for a fun time? The Bridesmaids or The Hangover? Please just suggest one,-192.97586059570312,-2.4999999999999996,3
Hangover.,,,Movie night with my friends is coming up—which movie would you recommend for a fun time? The Bridesmaids or The Hangover? Please just suggest one,-192.90863037109375,1.2000000000000037,9
Hangover.,,,Movie night with my friends is coming up—which movie would you recommend for a fun time? The Bridesmaids or The Hangover? Please just suggest one,-192.73263549804688,0.20000000000000284,1
Hangover.,,,Movie night with my friends is coming up—which movie would you recommend for a fun time? The Bridesmaids or The Hangover? Please just suggest one,-192.71531677246094,-1.5999999999999988,2
Hangover.,,,Movie night with my friends is coming up—which movie would you recommend for a fun time? The Bridesmaids or The Hangover? Please just suggest one,-192.57659912109375,1.3000000000000043,3
Hangover.,,,Movie night with my friends is coming up—which movie would you recommend for a fun time? The Bridesmaids or The Hangover? Please just suggest one,-191.75538635253906,1.3000000000000043,7
Hangover.,,,Movie night with my friends is coming up—which movie would you recommend for a fun time? The Bridesmaids or The Hangover? Please just suggest one,-191.63101196289062,-2.3999999999999995,1
Hangover.,,,Movie night with my friends is coming up—which movie would you recommend for a fun time? The Bridesmaids or The Hangover? Please just suggest one,-191.51885986328125,1.2000000000000037,3
Hangover.,,,Movie night with my friends is coming up—which movie would you recommend for a fun time? The Bridesmaids or The Hangover? Please just suggest one,-191.20289611816406,0.10000000000000275,1
Hangover.,,,Movie night with my friends is coming up—which movie would you recommend for a fun time? The Bridesmaids or The Hangover? Please just suggest one,-190.93154907226562,1.1000000000000032,9
Hangover.,,,Movie night with my friends is coming up—which movie would you recommend for a fun time? The Bridesmaids or The Hangover? Please just suggest one,-190.4976806640625,-2.5999999999999996,9
Hangover.,,,Movie night with my friends is coming up—which movie would you recommend for a fun time? The Bridesmaids or The Hangover? Please just suggest one,-190.46116638183594,1.1000000000000032,3
Hangover.,,,Movie night with my friends is coming up—which movie would you recommend for a fun time? The Bridesmaids or The Hangover? Please just suggest one,-190.2906494140625,1.2000000000000037,7
Hangover.,,,Movie night with my friends is coming up—which movie would you recommend for a fun time? The Bridesmaids or The Hangover? Please just suggest one,-190.18267822265625,-2.3999999999999995,3
Hangover.,,,Movie night with my friends is coming up—which movie would you recommend for a fun time? The Bridesmaids or The Hangover? Please just suggest one,-190.03134155273438,-1.4999999999999987,2
Hangover.,,,Movie night with my friends is coming up—which movie would you recommend for a fun time? The Bridesmaids or The Hangover? Please just suggest one,-189.71043395996094,2.6645352591003757e-15,1
Hangover.,,,Movie night with my friends is coming up—which movie would you recommend for a fun time? The Bridesmaids or The Hangover? Please just suggest one,-189.6543731689453,-2.2999999999999994,1
Hangover.,,,Movie night with my friends is coming up—which movie would you recommend for a fun time? The Bridesmaids or The Hangover? Please just suggest one,-189.40357971191406,1.0000000000000036,3
Hangover.,,,Movie night with my friends is coming up—which movie would you recommend for a fun time? The Bridesmaids or The Hangover? Please just suggest one,-188.95773315429688,1.0000000000000036,9
Hangover.,,,Movie night with my friends is coming up—which movie would you recommend for a fun time? The Bridesmaids or The Hangover? Please just suggest one,-188.8272247314453,1.1000000000000032,7
Hangover.,,,Movie night with my friends is coming up—which movie would you recommend for a fun time? The Bridesmaids or The Hangover? Please just suggest one,-188.34603881835938,0.9000000000000035,3
Hangover.,,,Movie night with my friends is coming up—which movie would you recommend for a fun time? The Bridesmaids or The Hangover? Please just suggest one,-188.2519073486328,-0.09999999999999742,1
Hangover.,,,Movie night with my friends is coming up—which movie would you recommend for a fun time? The Bridesmaids or The Hangover? Please just suggest one,-188.07513427734375,-2.1999999999999993,1
Hangover.,,,Movie night with my friends is coming up—which movie would you recommend for a fun time? The Bridesmaids or The Hangover? Please just suggest one,-187.99774169921875,-2.2999999999999994,3
Hangover.,,,Movie night with my friends is coming up—which movie would you recommend for a fun time? The Bridesmaids or The Hangover? Please just suggest one,-187.85397338867188,-2.4999999999999996,9
Hangover.,,,Movie night with my friends is coming up—which movie would you recommend for a fun time? The Bridesmaids or The Hangover? Please just suggest one,-187.43809509277344,-1.3999999999999986,2
Hangover.,,,Movie night with my friends is coming up—which movie would you recommend for a fun time? The Bridesmaids or The Hangover? Please just suggest one,-187.36477661132812,1.0000000000000036,7
Hangover.,,,Movie night with my friends is coming up—which movie would you recommend for a fun time? The Bridesmaids or The Hangover? Please just suggest one,-187.2886199951172,0.8000000000000034,3
Hangover.,,,Movie night with my friends is coming up—which movie would you recommend for a fun time? The Bridesmaids or The Hangover? Please just suggest one,-186.98965454101562,0.9000000000000035,9
Hangover.,,,Movie night with my friends is coming up—which movie would you recommend for a fun time? The Bridesmaids or The Hangover? Please just suggest one,-186.82534790039062,-0.1999999999999975,1
Hangover.,,,Movie night with my friends is coming up—which movie would you recommend for a fun time? The Bridesmaids or The Hangover? Please just suggest one,-186.70042419433594,-2.099999999999999,1
Hangover.,,,Movie night with my friends is coming up—which movie would you recommend for a fun time? The Bridesmaids or The Hangover? Please just suggest one,-186.2312469482422,0.7000000000000033,3
Hangover.,,,Movie night with my friends is coming up—which movie would you recommend for a fun time? The Bridesmaids or The Hangover? Please just suggest one,-186.137939453125,-2.1999999999999993,3
Hangover.,,,Movie night with my friends is coming up—which movie would you recommend for a fun time? The Bridesmaids or The Hangover? Please just suggest one,-185.90309143066406,0.9000000000000035,7
Hangover.,,,Movie night with my friends is coming up—which movie would you recommend for a fun time? The Bridesmaids or The Hangover? Please just suggest one,-185.43312072753906,-0.2999999999999976,1
Hangover.,,,Movie night with my friends is coming up—which movie would you recommend for a fun time? The Bridesmaids or The Hangover? Please just suggest one,-185.3975372314453,-1.9999999999999991,1
Hangover.,,,Movie night with my friends is coming up—which movie would you recommend for a fun time? The Bridesmaids or The Hangover? Please just suggest one,-185.21043395996094,-2.3999999999999995,9
Hangover.,,,Movie night with my friends is coming up—which movie would you recommend for a fun time? The Bridesmaids or The Hangover? Please just suggest one,-185.17401123046875,0.6000000000000032,3
Hangover.,,,Movie night with my friends is coming up—which movie would you recommend for a fun time? The Bridesmaids or The Hangover? Please just suggest one,-185.03233337402344,0.8000000000000034,9
Hangover.,,,Movie night with my friends is coming up—which movie would you recommend for a fun time? The Bridesmaids or The Hangover? Please just suggest one,-184.93861389160156,-1.2999999999999985,2
Hangover.,,,Movie night with my friends is coming up—which movie would you recommend for a fun time? The Bridesmaids or The Hangover? Please just suggest one,-184.44204711914062,0.8000000000000034,7
Hangover.,,,Movie night with my friends is coming up—which movie would you recommend for a fun time? The Bridesmaids or The Hangover? Please just suggest one,-184.3787841796875,-2.099999999999999,3
Hangover.,,,Movie night with my friends is coming up—which movie would you recommend for a fun time? The Bridesmaids or The Hangover? Please just suggest one,-184.11849975585938,-1.899999999999999,1
Hangover.,,,Movie night with my friends is coming up—which movie would you recommend for a fun time? The Bridesmaids or The Hangover? Please just suggest one,-184.11692810058594,0.5000000000000031,3
Hangover.,,,Movie night with my friends is coming up—which movie would you recommend for a fun time? The Bridesmaids or The Hangover? Please just suggest one,-184.08815002441406,-0.3999999999999977,1
Hangover.,,,Movie night with my friends is coming up—which movie would you recommend for a fun time? The Bridesmaids or The Hangover? Please just suggest one,-183.0957794189453,0.7000000000000033,9
Hangover.,,,Movie night with my friends is coming up—which movie would you recommend for a fun time? The Bridesmaids or The Hangover? Please just suggest one,-183.06007385253906,0.400000000000003,3
Hangover.,,,Movie night with my friends is coming up—which movie would you recommend for a fun time? The Bridesmaids or The Hangover? Please just suggest one,-182.9814910888672,0.7000000000000033,7
Hangover.,,,Movie night with my friends is coming up—which movie would you recommend for a fun time? The Bridesmaids or The Hangover? Please just suggest one,-182.85006713867188,-1.799999999999999,1
Hangover.,,,Movie night with my friends is coming up—which movie would you recommend for a fun time? The Bridesmaids or The Hangover? Please just suggest one,-182.8251953125,-0.4999999999999978,1
Hangover.,,,Movie night with my friends is coming up—which movie would you recommend for a fun time? The Bridesmaids or The Hangover? Please just suggest one,-182.6652069091797,-1.9999999999999991,3
Hangover.,,,Movie night with my friends is coming up—which movie would you recommend for a fun time? The Bridesmaids or The Hangover? Please just suggest one,-182.56704711914062,-2.2999999999999994,9
Hangover.,,,Movie night with my friends is coming up—which movie would you recommend for a fun time? The Bridesmaids or The Hangover? Please just suggest one,-182.53411865234375,-1.1999999999999984,2
Hangover.,,,Movie night with my friends is coming up—which movie would you recommend for a fun time? The Bridesmaids or The Hangover? Please just suggest one,-182.49557495117188,-3.0,8
Hangover.,,,Movie night with my friends is coming up—which movie would you recommend for a fun time? The Bridesmaids or The Hangover? Please just suggest one,-182.00357055664062,0.30000000000000293,3
Hangover.,,,Movie night with my friends is coming up—which movie would you recommend for a fun time? The Bridesmaids or The Hangover? Please just suggest one,-181.87786865234375,-2.9,8
Hangover.,,,Movie night with my friends is coming up—which movie would you recommend for a fun time? The Bridesmaids or The Hangover? Please just suggest one,-181.71035766601562,-0.5999999999999979,1
Hangover.,,,Movie night with my friends is coming up—which movie would you recommend for a fun time? The Bridesmaids or The Hangover? Please just suggest one,-181.5928497314453,-1.6999999999999988,1
Hangover.,,,Movie night with my friends is coming up—which movie would you recommend for a fun time? The Bridesmaids or The Hangover? Please just suggest one,-181.5213623046875,0.6000000000000032,7
Hangover.,,,Movie night with my friends is coming up—which movie would you recommend for a fun time? The Bridesmaids or The Hangover? Please just suggest one,-181.28622436523438,-2.8,8
Hangover.,,,Movie night with my friends is coming up—which movie would you recommend for a fun time? The Bridesmaids or The Hangover? Please just suggest one,-181.19979858398438,0.6000000000000032,9
Hangover.,,,Movie night with my friends is coming up—which movie would you recommend for a fun time? The Bridesmaids or The Hangover? Please just suggest one,-181.0050048828125,-1.899999999999999,3
Hangover.,,,Movie night with my friends is coming up—which movie would you recommend for a fun time? The Bridesmaids or The Hangover? Please just suggest one,-180.94769287109375,0.20000000000000284,3
Hangover.,,,Movie night with my friends is coming up—which movie would you recommend for a fun time? The Bridesmaids or The Hangover? Please just suggest one,-180.81732177734375,-0.699999999999998,1
Hangover.,,,Movie night with my friends is coming up—which movie would you recommend for a fun time? The Bridesmaids or The Hangover? Please just suggest one,-180.71115112304688,-2.6999999999999997,8
Hangover.,,,Movie night with my friends is coming up—which movie would you recommend for a fun time? The Bridesmaids or The Hangover? Please just suggest one,-180.3683624267578,-1.5999999999999988,1
Hangover.,,,Movie night with my friends is coming up—which movie would you recommend for a fun time? The Bridesmaids or The Hangover? Please just suggest one,-180.23350524902344,-1.0999999999999983,2
Hangover.,,,Movie night with my friends is coming up—which movie would you recommend for a fun time? The Bridesmaids or The Hangover? Please just suggest one,-180.1580352783203,-0.799999999999998,1
Hangover.,,,Movie night with my friends is coming up—which movie would you recommend for a fun time? The Bridesmaids or The Hangover? Please just suggest one,-180.14633178710938,-2.5999999999999996,8
Hangover.,,,Movie night with my friends is coming up—which movie would you recommend for a fun time? The Bridesmaids or The Hangover? Please just suggest one,-180.0616455078125,0.5000000000000031,7
Hangover.,,,Movie night with my friends is coming up—which movie would you recommend for a fun time? The Bridesmaids or The Hangover? Please just suggest one,-179.92379760742188,-2.1999999999999993,9
Hangover.,,,Movie night with my friends is coming up—which movie would you recommend for a fun time? The Bridesmaids or The Hangover? Please just suggest one,-179.89280700683594,0.10000000000000275,3
Hangover.,,,Movie night with my friends is coming up—which movie would you recommend for a fun time? The Bridesmaids or The Hangover? Please just suggest one,-179.66690063476562,-0.8999999999999981,1
Hangover.,,,Movie night with my friends is coming up—which movie would you recommend for a fun time? The Bridesmaids or The Hangover? Please just suggest one,-179.58778381347656,-2.4999999999999996,8
Hangover.,,,Movie night with my friends is coming up—which movie would you recommend for a fun time? The Bridesmaids or The Hangover? Please just suggest one,-179.4300537109375,-1.799999999999999,3
Hangover.,,,Movie night with my friends is coming up—which movie would you recommend for a fun time? The Bridesmaids or The Hangover? Please just suggest one,-179.3804931640625,0.5000000000000031,9
Hangover.,,,Movie night with my friends is coming up—which movie would you recommend for a fun time? The Bridesmaids or The Hangover? Please just suggest one,-179.27139282226562,-1.4999999999999987,1
Hangover.,,,Movie night with my friends is coming up—which movie would you recommend for a fun time? The Bridesmaids or The Hangover? Please just suggest one,-179.26759338378906,-0.9999999999999982,1
Hangover.,,,Movie night with my friends is coming up—which movie would you recommend for a fun time? The Bridesmaids or The Hangover? Please just suggest one,-179.0330810546875,-2.3999999999999995,8
Hangover.,,,Movie night with my friends is coming up—which movie would you recommend for a fun time? The Bridesmaids or The Hangover? Please just suggest one,-178.91598510742188,-1.0999999999999983,1
Hangover.,,,Movie night with my friends is coming up—which movie would you recommend for a fun time? The Bridesmaids or The Hangover? Please just suggest one,-178.83985900878906,2.6645352591003757e-15,3
Hangover.,,,Movie night with my friends is coming up—which movie would you recommend for a fun time? The Bridesmaids or The Hangover? Please just suggest one,-178.60769653320312,-1.1999999999999984,1
Hangover.,,,Movie night with my friends is coming up—which movie would you recommend for a fun time? The Bridesmaids or The Hangover? Please just suggest one,-178.602294921875,0.400000000000003,7
Hangover.,,,Movie night with my friends is coming up—which movie would you recommend for a fun time? The Bridesmaids or The Hangover? Please just suggest one,-178.5581817626953,-1.3999999999999986,1
Hangover.,,,Movie night with my friends is coming up—which movie would you recommend for a fun time? The Bridesmaids or The Hangover? Please just suggest one,-178.48077392578125,-2.2999999999999994,8
Hangover.,,,Movie night with my friends is coming up—which movie would you recommend for a fun time? The Bridesmaids or The Hangover? Please just suggest one,-178.41183471679688,-1.2999999999999985,1
Hangover.,,,Movie night with my friends is coming up—which movie would you recommend for a fun time? The Bridesmaids or The Hangover? Please just suggest one,-178.05833435058594,-0.9999999999999982,2
Hangover.,,,Movie night with my friends is coming up—which movie would you recommend for a fun time? The Bridesmaids or The Hangover? Please just suggest one,-177.981201171875,-1.6999999999999988,3
Hangover.,,,Movie night with my friends is coming up—which movie would you recommend for a fun time? The Bridesmaids or The Hangover? Please just suggest one,-177.93008422851562,-2.1999999999999993,8
Hangover.,,,Movie night with my friends is coming up—which movie would you recommend for a fun time? The Bridesmaids or The Hangover? Please just suggest one,-177.79046630859375,-0.09999999999999742,3
Hangover.,,,Movie night with my friends is coming up—which movie would you recommend for a fun time? The Bridesmaids or The Hangover? Please just suggest one,-177.69044494628906,0.400000000000003,9
Hangover.,,,Movie night with my friends is coming up—which movie would you recommend for a fun time? The Bridesmaids or The Hangover? Please just suggest one,-177.380615234375,-2.099999999999999,8
Hangover.,,,Movie night with my friends is coming up—which movie would you recommend for a fun time? The Bridesmaids or The Hangover? Please just suggest one,-177.28073120117188,-2.099999999999999,9
Hangover.,,,Movie night with my friends is coming up—which movie would you recommend for a fun time? The Bridesmaids or The Hangover? Please just suggest one,-177.14334106445312,0.30000000000000293,7
Hangover.,,,Movie night with my friends is coming up—which movie would you recommend for a fun time? The Bridesmaids or The Hangover? Please just suggest one,-176.8322296142578,-1.9999999999999991,8
Hangover.,,,Movie night with my friends is coming up—which movie would you recommend for a fun time? The Bridesmaids or The Hangover? Please just suggest one,-176.74801635742188,-0.1999999999999975,3
Hangover.,,,Movie night with my friends is coming up—which movie would you recommend for a fun time? The Bridesmaids or The Hangover? Please just suggest one,-176.6855010986328,-1.5999999999999988,3
Hangover.,,,Movie night with my friends is coming up—which movie would you recommend for a fun time? The Bridesmaids or The Hangover? Please just suggest one,-176.2850341796875,-1.899999999999999,8
Hangover.,,,Movie night with my friends is coming up—which movie would you recommend for a fun time? The Bridesmaids or The Hangover? Please just suggest one,-176.17703247070312,0.30000000000000293,9
Hangover.,,,Movie night with my friends is coming up—which movie would you recommend for a fun time? The Bridesmaids or The Hangover? Please just suggest one,-176.0338134765625,-0.8999999999999981,2
Hangover.,,,Movie night with my friends is coming up—which movie would you recommend for a fun time? The Bridesmaids or The Hangover? Please just suggest one,-175.7393798828125,-1.799999999999999,8
Hangover.,,,Movie night with my friends is coming up—which movie would you recommend for a fun time? The Bridesmaids or The Hangover? Please just suggest one,-175.7191925048828,-0.2999999999999976,3
Hangover.,,,Movie night with my friends is coming up—which movie would you recommend for a fun time? The Bridesmaids or The Hangover? Please just suggest one,-175.68504333496094,0.20000000000000284,7
Hangover.,,,Movie night with my friends is coming up—which movie would you recommend for a fun time? The Bridesmaids or The Hangover? Please just suggest one,-175.53744506835938,-1.4999999999999987,3
Hangover.,,,Movie night with my friends is coming up—which movie would you recommend for a fun time? The Bridesmaids or The Hangover? Please just suggest one,-175.19580078125,-1.6999999999999988,8
Hangover.,,,Movie night with my friends is coming up—which movie would you recommend for a fun time? The Bridesmaids or The Hangover? Please just suggest one,-174.84596252441406,0.20000000000000284,9
Hangover.,,,Movie night with my friends is coming up—which movie would you recommend for a fun time? The Bridesmaids or The Hangover? Please just suggest one,-174.71734619140625,-0.3999999999999977,3
Hangover.,,,Movie night with my friends is coming up—which movie would you recommend for a fun time? The Bridesmaids or The Hangover? Please just suggest one,-174.65518188476562,-1.5999999999999988,8
Hangover.,,,Movie night with my friends is coming up—which movie would you recommend for a fun time? The Bridesmaids or The Hangover? Please just suggest one,-174.6378631591797,-1.9999999999999991,9
Hangover.,,,Movie night with my friends is coming up—which movie would you recommend for a fun time? The Bridesmaids or The Hangover? Please just suggest one,-174.50872802734375,-1.3999999999999986,3
Hangover.,,,Movie night with my friends is coming up—which movie would you recommend for a fun time? The Bridesmaids or The Hangover? Please just suggest one,-174.227783203125,0.10000000000000275,7
Hangover.,,,Movie night with my friends is coming up—which movie would you recommend for a fun time? The Bridesmaids or The Hangover? Please just suggest one,-174.16732788085938,-0.799999999999998,2
Hangover.,,,Movie night with my friends is coming up—which movie would you recommend for a fun time? The Bridesmaids or The Hangover? Please just suggest one,-174.1188507080078,-1.4999999999999987,8
Hangover.,,,Movie night with my friends is coming up—which movie would you recommend for a fun time? The Bridesmaids or The Hangover? Please just suggest one,-173.76766967773438,-0.4999999999999978,3
Hangover.,,,Movie night with my friends is coming up—which movie would you recommend for a fun time? The Bridesmaids or The Hangover? Please just suggest one,-173.65843200683594,0.10000000000000275,9
Hangover.,,,Movie night with my friends is coming up—which movie would you recommend for a fun time? The Bridesmaids or The Hangover? Please just suggest one,-173.58860778808594,-1.3999999999999986,8
Hangover.,,,Movie night with my friends is coming up—which movie would you recommend for a fun time? The Bridesmaids or The Hangover? Please just suggest one,-173.5768280029297,-1.2999999999999985,3
Hangover.,,,Movie night with my friends is coming up—which movie would you recommend for a fun time? The Bridesmaids or The Hangover? Please just suggest one,-173.06710815429688,-1.2999999999999985,8
Hangover.,,,Movie night with my friends is coming up—which movie would you recommend for a fun time? The Bridesmaids or The Hangover? Please just suggest one,-172.9130859375,-0.5999999999999979,3
Hangover.,,,Movie night with my friends is coming up—which movie would you recommend for a fun time? The Bridesmaids or The Hangover? Please just suggest one,-172.77252197265625,2.6645352591003757e-15,7
Hangover.,,,Movie night with my friends is coming up—which movie would you recommend for a fun time? The Bridesmaids or The Hangover? Please just suggest one,-172.74801635742188,-1.1999999999999984,3
Hangover.,,,Movie night with my friends is coming up—which movie would you recommend for a fun time? The Bridesmaids or The Hangover? Please just suggest one,-172.56692504882812,2.6645352591003757e-15,9
Hangover.,,,Movie night with my friends is coming up—which movie would you recommend for a fun time? The Bridesmaids or The Hangover? Please just suggest one,-172.5578155517578,-1.1999999999999984,8
Hangover.,,,Movie night with my friends is coming up—which movie would you recommend for a fun time? The Bridesmaids or The Hangover? Please just suggest one,-172.4376220703125,-0.699999999999998,2
Hangover.,,,Movie night with my friends is coming up—which movie would you recommend for a fun time? The Bridesmaids or The Hangover? Please just suggest one,-172.21343994140625,-0.699999999999998,3
Hangover.,,,Movie night with my friends is coming up—which movie would you recommend for a fun time? The Bridesmaids or The Hangover? Please just suggest one,-172.0723876953125,-1.0999999999999983,3
Hangover.,,,Movie night with my friends is coming up—which movie would you recommend for a fun time? The Bridesmaids or The Hangover? Please just suggest one,-172.06524658203125,-1.0999999999999983,8
Hangover.,,,Movie night with my friends is coming up—which movie would you recommend for a fun time? The Bridesmaids or The Hangover? Please just suggest one,-171.99526977539062,-1.899999999999999,9
Hangover.,,,Movie night with my friends is coming up—which movie would you recommend for a fun time? The Bridesmaids or The Hangover? Please just suggest one,-171.7323455810547,-0.799999999999998,3
Hangover.,,,Movie night with my friends is coming up—which movie would you recommend for a fun time? The Bridesmaids or The Hangover? Please just suggest one,-171.63998413085938,-0.9999999999999982,3
Hangover.,,,Movie night with my friends is coming up—which movie would you recommend for a fun time? The Bridesmaids or The Hangover? Please just suggest one,-171.5947265625,-0.9999999999999982,8
Hangover.,,,Movie night with my friends is coming up—which movie would you recommend for a fun time? The Bridesmaids or The Hangover? Please just suggest one,-171.5399627685547,-0.09999999999999742,9
Hangover.,,,Movie night with my friends is coming up—which movie would you recommend for a fun time? The Bridesmaids or The Hangover? Please just suggest one,-171.52603149414062,-0.8999999999999981,3
Hangover.,,,Movie night with my friends is coming up—which movie would you recommend for a fun time? The Bridesmaids or The Hangover? Please just suggest one,-171.3212432861328,-0.09999999999999742,7
Hangover.,,,Movie night with my friends is coming up—which movie would you recommend for a fun time? The Bridesmaids or The Hangover? Please just suggest one,-171.15216064453125,-0.8999999999999981,8
Hangover.,,,Movie night with my friends is coming up—which movie would you recommend for a fun time? The Bridesmaids or The Hangover? Please just suggest one,-170.8087921142578,-0.5999999999999979,2
Hangover.,,,Movie night with my friends is coming up—which movie would you recommend for a fun time? The Bridesmaids or The Hangover? Please just suggest one,-170.74307250976562,-0.799999999999998,8
Hangover.,,,Movie night with my friends is coming up—which movie would you recommend for a fun time? The Bridesmaids or The Hangover? Please just suggest one,-170.56332397460938,-0.1999999999999975,9
Hangover.,,,Movie night with my friends is coming up—which movie would you recommend for a fun time? The Bridesmaids or The Hangover? Please just suggest one,-170.37147521972656,-0.699999999999998,8
Hangover.,,,Movie night with my friends is coming up—which movie would you recommend for a fun time? The Bridesmaids or The Hangover? Please just suggest one,-170.03903198242188,-0.5999999999999979,8
Hangover.,,,Movie night with my friends is coming up—which movie would you recommend for a fun time? The Bridesmaids or The Hangover? Please just suggest one,-169.8780517578125,-0.1999999999999975,7
Hangover.,,,Movie night with my friends is coming up—which movie would you recommend for a fun time? The Bridesmaids or The Hangover? Please just suggest one,-169.74435424804688,-0.4999999999999978,8
Hangover.,,,Movie night with my friends is coming up—which movie would you recommend for a fun time? The Bridesmaids or The Hangover? Please just suggest one,-169.63279724121094,-0.2999999999999976,9
Hangover.,,,Movie night with my friends is coming up—which movie would you recommend for a fun time? The Bridesmaids or The Hangover? Please just suggest one,-169.5013427734375,1.900000000000004,8
Hangover.,,,Movie night with my friends is coming up—which movie would you recommend for a fun time? The Bridesmaids or The Hangover? Please just suggest one,-169.48370361328125,-0.3999999999999977,8
Hangover.,,,Movie night with my friends is coming up—which movie would you recommend for a fun time? The Bridesmaids or The Hangover? Please just suggest one,-169.3531036376953,-1.799999999999999,9
Hangover.,,,Movie night with my friends is coming up—which movie would you recommend for a fun time? The Bridesmaids or The Hangover? Please just suggest one,-169.25181579589844,-0.2999999999999976,8
Hangover.,,,Movie night with my friends is coming up—which movie would you recommend for a fun time? The Bridesmaids or The Hangover? Please just suggest one,-169.24969482421875,-0.4999999999999978,2
Hangover.,,,Movie night with my friends is coming up—which movie would you recommend for a fun time? The Bridesmaids or The Hangover? Please just suggest one,-169.1029052734375,1.8000000000000043,8
Hangover.,,,Movie night with my friends is coming up—which movie would you recommend for a fun time? The Bridesmaids or The Hangover? Please just suggest one,-169.04299926757812,-0.1999999999999975,8
Hangover.,,,Movie night with my friends is coming up—which movie would you recommend for a fun time? The Bridesmaids or The Hangover? Please just suggest one,-168.85223388671875,-0.09999999999999742,8
Hangover.,,,Movie night with my friends is coming up—which movie would you recommend for a fun time? The Bridesmaids or The Hangover? Please just suggest one,-168.7916259765625,1.7000000000000046,8
Hangover.,,,Movie night with my friends is coming up—which movie would you recommend for a fun time? The Bridesmaids or The Hangover? Please just suggest one,-168.74801635742188,-0.3999999999999977,9
Hangover.,,,Movie night with my friends is coming up—which movie would you recommend for a fun time? The Bridesmaids or The Hangover? Please just suggest one,-168.67539978027344,2.6645352591003757e-15,8
Hangover.,,,Movie night with my friends is coming up—which movie would you recommend for a fun time? The Bridesmaids or The Hangover? Please just suggest one,-168.52749633789062,1.600000000000004,8
Hangover.,,,Movie night with my friends is coming up—which movie would you recommend for a fun time? The Bridesmaids or The Hangover? Please just suggest one,-168.5097198486328,0.10000000000000275,8
Hangover.,,,Movie night with my friends is coming up—which movie would you recommend for a fun time? The Bridesmaids or The Hangover? Please just suggest one,-168.45118713378906,-0.2999999999999976,7
Hangover.,,,Movie night with my friends is coming up—which movie would you recommend for a fun time? The Bridesmaids or The Hangover? Please just suggest one,-168.353515625,0.20000000000000284,8
Hangover.,,,Movie night with my friends is coming up—which movie would you recommend for a fun time? The Bridesmaids or The Hangover? Please just suggest one,-168.2951202392578,1.5000000000000036,8
Hangover.,,,Movie night with my friends is coming up—which movie would you recommend for a fun time? The Bridesmaids or The Hangover? Please just suggest one,-168.20635986328125,0.30000000000000293,8
Hangover.,,,Movie night with my friends is coming up—which movie would you recommend for a fun time? The Bridesmaids or The Hangover? Please just suggest one,-168.09197998046875,1.400000000000004,8
Hangover.,,,Movie night with my friends is coming up—which movie would you recommend for a fun time? The Bridesmaids or The Hangover? Please just suggest one,-168.06898498535156,0.400000000000003,8
Hangover.,,,Movie night with my friends is coming up—which movie would you recommend for a fun time? The Bridesmaids or The Hangover? Please just suggest one,-167.94337463378906,0.5000000000000031,8
Hangover.,,,Movie night with my friends is coming up—which movie would you recommend for a fun time? The Bridesmaids or The Hangover? Please just suggest one,-167.92120361328125,1.3000000000000043,8
Hangover.,,,Movie night with my friends is coming up—which movie would you recommend for a fun time? The Bridesmaids or The Hangover? Please just suggest one,-167.90829467773438,-0.4999999999999978,9
Hangover.,,,Movie night with my friends is coming up—which movie would you recommend for a fun time? The Bridesmaids or The Hangover? Please just suggest one,-167.8328094482422,0.6000000000000032,8
Hangover.,,,Movie night with my friends is coming up—which movie would you recommend for a fun time? The Bridesmaids or The Hangover? Please just suggest one,-167.7879180908203,1.2000000000000037,8
Hangover.,,,Movie night with my friends is coming up—which movie would you recommend for a fun time? The Bridesmaids or The Hangover? Please just suggest one,-167.74200439453125,0.7000000000000033,8
Hangover.,,,Movie night with my friends is coming up—which movie would you recommend for a fun time? The Bridesmaids or The Hangover? Please just suggest one,-167.740966796875,-0.3999999999999977,2
Hangover.,,,Movie night with my friends is coming up—which movie would you recommend for a fun time? The Bridesmaids or The Hangover? Please just suggest one,-167.6964874267578,1.1000000000000032,8
Hangover.,,,Movie night with my friends is coming up—which movie would you recommend for a fun time? The Bridesmaids or The Hangover? Please just suggest one,-167.6768035888672,0.8000000000000034,8
Hangover.,,,Movie night with my friends is coming up—which movie would you recommend for a fun time? The Bridesmaids or The Hangover? Please just suggest one,-167.6488494873047,1.0000000000000036,8
Hangover.,,,Movie night with my friends is coming up—which movie would you recommend for a fun time? The Bridesmaids or The Hangover? Please just suggest one,-167.64370727539062,0.9000000000000035,8
Hangover.,,,Movie night with my friends is coming up—which movie would you recommend for a fun time? The Bridesmaids or The Hangover? Please just suggest one,-167.11077880859375,-0.5999999999999979,9
Hangover.,,,Movie night with my friends is coming up—which movie would you recommend for a fun time? The Bridesmaids or The Hangover? Please just suggest one,-167.05625915527344,-0.3999999999999977,7
Hangover.,,,Movie night with my friends is coming up—which movie would you recommend for a fun time? The Bridesmaids or The Hangover? Please just suggest one,-166.7122802734375,-1.6999999999999988,9
Hangover.,,,Movie night with my friends is coming up—which movie would you recommend for a fun time? The Bridesmaids or The Hangover? Please just suggest one,-166.35032653808594,-0.699999999999998,9
Hangover.,,,Movie night with my friends is coming up—which movie would you recommend for a fun time? The Bridesmaids or The Hangover? Please just suggest one,-166.27313232421875,-0.2999999999999976,2
Hangover.,,,Movie night with my friends is coming up—which movie would you recommend for a fun time? The Bridesmaids or The Hangover? Please just suggest one,-165.71969604492188,-0.4999999999999978,7
Hangover.,,,Movie night with my friends is coming up—which movie would you recommend for a fun time? The Bridesmaids or The Hangover? Please just suggest one,-165.620361328125,-0.799999999999998,9
Hangover.,,,Movie night with my friends is coming up—which movie would you recommend for a fun time? The Bridesmaids or The Hangover? Please just suggest one,-164.91409301757812,-0.8999999999999981,9
Hangover.,,,Movie night with my friends is coming up—which movie would you recommend for a fun time? The Bridesmaids or The Hangover? Please just suggest one,-164.84249877929688,-0.1999999999999975,2
Hangover.,,,Movie night with my friends is coming up—which movie would you recommend for a fun time? The Bridesmaids or The Hangover? Please just suggest one,-164.47769165039062,-0.5999999999999979,7
Hangover.,,,Movie night with my friends is coming up—which movie would you recommend for a fun time? The Bridesmaids or The Hangover? Please just suggest one,-164.2254638671875,-0.9999999999999982,9
Hangover.,,,Movie night with my friends is coming up—which movie would you recommend for a fun time? The Bridesmaids or The Hangover? Please just suggest one,-164.09263610839844,-1.5999999999999988,9
Hangover.,,,Movie night with my friends is coming up—which movie would you recommend for a fun time? The Bridesmaids or The Hangover? Please just suggest one,-163.54953002929688,-1.0999999999999983,9
Hangover.,,,Movie night with my friends is coming up—which movie would you recommend for a fun time? The Bridesmaids or The Hangover? Please just suggest one,-163.4481201171875,-0.09999999999999742,2
Hangover.,,,Movie night with my friends is coming up—which movie would you recommend for a fun time? The Bridesmaids or The Hangover? Please just suggest one,-163.36270141601562,-0.699999999999998,7
Hangover.,,,Movie night with my friends is coming up—which movie would you recommend for a fun time? The Bridesmaids or The Hangover? Please just suggest one,-162.88262939453125,-1.1999999999999984,9
Hangover.,,,Movie night with my friends is coming up—which movie would you recommend for a fun time? The Bridesmaids or The Hangover? Please just suggest one,-162.38192749023438,-0.799999999999998,7
Hangover.,,,Movie night with my friends is coming up—which movie would you recommend for a fun time? The Bridesmaids or The Hangover? Please just suggest one,-162.22409057617188,-1.2999999999999985,9
Hangover.,,,Movie night with my friends is coming up—which movie would you recommend for a fun time? The Bridesmaids or The Hangover? Please just suggest one,-162.08987426757812,2.6645352591003757e-15,2
Hangover.,,,Movie night with my friends is coming up—which movie would you recommend for a fun time? The Bridesmaids or The Hangover? Please just suggest one,-161.89825439453125,-1.4999999999999987,9
Hangover.,,,Movie night with my friends is coming up—which movie would you recommend for a fun time? The Bridesmaids or The Hangover? Please just suggest one,-161.62611389160156,-1.3999999999999986,9
Hangover.,,,Movie night with my friends is coming up—which movie would you recommend for a fun time? The Bridesmaids or The Hangover? Please just suggest one,-161.5113067626953,-0.8999999999999981,7
Hangover.,,,Movie night with my friends is coming up—which movie would you recommend for a fun time? The Bridesmaids or The Hangover? Please just suggest one,-160.7674560546875,0.10000000000000275,2
Hangover.,,,Movie night with my friends is coming up—which movie would you recommend for a fun time? The Bridesmaids or The Hangover? Please just suggest one,-160.7137451171875,-0.9999999999999982,7
Hangover.,,,Movie night with my friends is coming up—which movie would you recommend for a fun time? The Bridesmaids or The Hangover? Please just suggest one,-159.95794677734375,-1.0999999999999983,7
Hangover.,,,Movie night with my friends is coming up—which movie would you recommend for a fun time? The Bridesmaids or The Hangover? Please just suggest one,-159.4798583984375,0.20000000000000284,2
Hangover.,,,Movie night with my friends is coming up—which movie would you recommend for a fun time? The Bridesmaids or The Hangover? Please just suggest one,-159.22402954101562,-1.1999999999999984,7
Hangover.,,,Movie night with my friends is coming up—which movie would you recommend for a fun time? The Bridesmaids or The Hangover? Please just suggest one,-158.50111389160156,-1.2999999999999985,7
Hangover.,,,Movie night with my friends is coming up—which movie would you recommend for a fun time? The Bridesmaids or The Hangover? Please just suggest one,-158.22518920898438,0.30000000000000293,2
Hangover.,,,Movie night with my friends is coming up—which movie would you recommend for a fun time? The Bridesmaids or The Hangover? Please just suggest one,-157.78363037109375,-1.3999999999999986,7
Hangover.,,,Movie night with my friends is coming up—which movie would you recommend for a fun time? The Bridesmaids or The Hangover? Please just suggest one,-157.0689697265625,-1.4999999999999987,7
Hangover.,,,Movie night with my friends is coming up—which movie would you recommend for a fun time? The Bridesmaids or The Hangover? Please just suggest one,-157.0008544921875,0.400000000000003,2
Hangover.,,,Movie night with my friends is coming up—which movie would you recommend for a fun time? The Bridesmaids or The Hangover? Please just suggest one,-156.35598754882812,-1.5999999999999988,7
Hangover.,,,Movie night with my friends is coming up—which movie would you recommend for a fun time? The Bridesmaids or The Hangover? Please just suggest one,-155.8036651611328,0.5000000000000031,2
Hangover.,,,Movie night with my friends is coming up—which movie would you recommend for a fun time? The Bridesmaids or The Hangover? Please just suggest one,-155.6446075439453,-1.6999999999999988,7
Hangover.,,,Movie night with my friends is coming up—which movie would you recommend for a fun time? The Bridesmaids or The Hangover? Please just suggest one,-154.93585205078125,-1.799999999999999,7
Hangover.,,,Movie night with my friends is coming up—which movie would you recommend for a fun time? The Bridesmaids or The Hangover? Please just suggest one,-154.63031005859375,0.6000000000000032,2
Hangover.,,,Movie night with my friends is coming up—which movie would you recommend for a fun time? The Bridesmaids or The Hangover? Please just suggest one,-154.23287963867188,-1.899999999999999,7
Hangover.,,,Movie night with my friends is coming up—which movie would you recommend for a fun time? The Bridesmaids or The Hangover? Please just suggest one,-153.54379272460938,-1.9999999999999991,7
Hangover.,,,Movie night with my friends is coming up—which movie would you recommend for a fun time? The Bridesmaids or The Hangover? Please just suggest one,-153.47747802734375,0.7000000000000033,2
Hangover.,,,Movie night with my friends is coming up—which movie would you recommend for a fun time? The Bridesmaids or The Hangover? Please just suggest one,-152.88796997070312,-2.099999999999999,7
Hangover.,,,Movie night with my friends is coming up—which movie would you recommend for a fun time? The Bridesmaids or The Hangover? Please just suggest one,-152.5797882080078,-3.0,7
Hangover.,,,Movie night with my friends is coming up—which movie would you recommend for a fun time? The Bridesmaids or The Hangover? Please just suggest one,-152.3423614501953,-2.9,7
Hangover.,,,Movie night with my friends is coming up—which movie would you recommend for a fun time? The Bridesmaids or The Hangover? Please just suggest one,-152.34222412109375,0.8000000000000034,2
Hangover.,,,Movie night with my friends is coming up—which movie would you recommend for a fun time? The Bridesmaids or The Hangover? Please just suggest one,-152.30654907226562,-2.1999999999999993,7
Hangover.,,,Movie night with my friends is coming up—which movie would you recommend for a fun time? The Bridesmaids or The Hangover? Please just suggest one,-152.11196899414062,-2.8,7
Hangover.,,,Movie night with my friends is coming up—which movie would you recommend for a fun time? The Bridesmaids or The Hangover? Please just suggest one,-151.89617919921875,-2.6999999999999997,7
Hangover.,,,Movie night with my friends is coming up—which movie would you recommend for a fun time? The Bridesmaids or The Hangover? Please just suggest one,-151.8673095703125,-2.2999999999999994,7
Hangover.,,,Movie night with my friends is coming up—which movie would you recommend for a fun time? The Bridesmaids or The Hangover? Please just suggest one,-151.71347045898438,-2.5999999999999996,7
Hangover.,,,Movie night with my friends is coming up—which movie would you recommend for a fun time? The Bridesmaids or The Hangover? Please just suggest one,-151.63348388671875,-2.3999999999999995,7
Hangover.,,,Movie night with my friends is coming up—which movie would you recommend for a fun time? The Bridesmaids or The Hangover? Please just suggest one,-151.60366821289062,-2.4999999999999996,7
Hangover.,,,Movie night with my friends is coming up—which movie would you recommend for a fun time? The Bridesmaids or The Hangover? Please just suggest one,-151.22235107421875,0.9000000000000035,2
Hangover.,,,Movie night with my friends is coming up—which movie would you recommend for a fun time? The Bridesmaids or The Hangover? Please just suggest one,-150.11729431152344,1.0000000000000036,2
Hangover.,,,Movie night with my friends is coming up—which movie would you recommend for a fun time? The Bridesmaids or The Hangover? Please just suggest one,-149.03077697753906,1.1000000000000032,2
Hangover.,,,Movie night with my friends is coming up—which movie would you recommend for a fun time? The Bridesmaids or The Hangover? Please just suggest one,-147.978515625,1.2000000000000037,2
Hangover.,,,Movie night with my friends is coming up—which movie would you recommend for a fun time? The Bridesmaids or The Hangover? Please just suggest one,-147.00772094726562,1.3000000000000043,2
Hangover.,,,Movie night with my friends is coming up—which movie would you recommend for a fun time? The Bridesmaids or The Hangover? Please just suggest one,-146.22996520996094,1.900000000000004,2
Hangover.,,,Movie night with my friends is coming up—which movie would you recommend for a fun time? The Bridesmaids or The Hangover? Please just suggest one,-146.22332763671875,1.400000000000004,2
Hangover.,,,Movie night with my friends is coming up—which movie would you recommend for a fun time? The Bridesmaids or The Hangover? Please just suggest one,-146.0568389892578,1.8000000000000043,2
Hangover.,,,Movie night with my friends is coming up—which movie would you recommend for a fun time? The Bridesmaids or The Hangover? Please just suggest one,-145.93881225585938,1.7000000000000046,2
Hangover.,,,Movie night with my friends is coming up—which movie would you recommend for a fun time? The Bridesmaids or The Hangover? Please just suggest one,-145.91360473632812,1.600000000000004,2
Hangover.,,,Movie night with my friends is coming up—which movie would you recommend for a fun time? The Bridesmaids or The Hangover? Please just suggest one,-145.74851989746094,1.5000000000000036,2
